,SibSp,Parch,EFare,Pclass_2,Pclass_3,Sex_male,ETicket_B,ETicket_C,ETicket_D,ETicket_E,ECabin_B,ECabin_C,ECabin_D,ECabin_E,ECabin_F,ECabin_n,ETitle_Miss,ETitle_Mr,ETitle_Mrs,ETitle_Rare,ETitle_Rev,Embarked_Q,Embarked_S
0,1,0,2.11021320035,0,1,1,0,1,0,0,0,0,0,0,0,1,0,1,0,0,0,0,1
1,1,0,4.28059312046,0,0,0,0,1,0,0,0,1,0,0,0,0,0,0,1,0,0,0,0
2,0,0,2.18885632767,0,1,0,0,0,0,0,0,0,0,0,0,1,1,0,0,0,0,0,1
3,1,0,3.99083418585,0,0,0,1,0,0,0,0,1,0,0,0,0,0,0,1,0,0,0,1
4,0,0,2.20276475771,0,1,1,1,0,0,0,0,0,0,0,0,1,0,1,0,0,0,0,1
5,0,0,2.2468926629,0,1,1,1,0,0,0,0,0,0,0,0,1,0,1,0,0,0,1,0
6,0,0,3.9676942028,0,0,1,0,1,0,0,0,0,0,1,0,0,0,1,0,0,0,0,1
7,3,1,3.09444574649,0,1,1,1,0,0,0,0,0,0,0,0,1,0,0,0,0,0,0,1
8,0,2,2.49595373872,0,1,0,1,0,0,0,0,0,0,0,0,1,0,0,1,0,0,0,1
9,1,0,3.43626847138,1,0,0,1,0,0,0,0,0,0,0,0,1,0,0,1,0,0,0,0
10,1,1,2.87356463958,0,1,0,0,0,1,0,0,0,0,0,0,1,1,0,0,0,0,0,1
11,0,0,3.3160025356,0,0,0,1,0,0,0,0,1,0,0,0,0,1,0,0,0,0,0,1
12,0,0,2.20276475771,0,1,1,0,0,1,0,0,0,0,0,0,1,0,1,0,0,0,0,1
13,1,5,3.47429293673,0,1,1,1,0,0,0,0,0,0,0,0,1,0,1,0,0,0,0,1
14,0,0,2.18089192272,0,1,0,1,0,0,0,0,0,0,0,0,1,1,0,0,0,0,0,1
15,0,0,2.83321334406,1,0,0,1,0,0,0,0,0,0,0,0,1,0,0,1,0,0,0,1
16,4,1,3.40535539181,0,1,1,1,0,0,0,0,0,0,0,0,1,0,0,0,0,0,1,0
17,0,0,2.63905732962,1,0,1,1,0,0,0,0,0,0,0,0,1,0,1,0,0,0,0,1
18,1,0,2.94443897917,0,1,0,1,0,0,0,0,0,0,0,0,1,0,0,1,0,0,0,1
19,0,0,2.10717829665,0,1,0,0,0,1,0,0,0,0,0,0,1,0,0,1,0,0,0,0
20,0,0,3.295836866,1,0,1,1,0,0,0,0,0,0,0,0,1,0,1,0,0,0,0,1
21,0,0,2.63905732962,1,0,1,1,0,0,0,0,0,1,0,0,0,0,1,0,0,0,0,1
22,0,0,2.20046376993,0,1,0,1,0,0,0,0,0,0,0,0,1,1,0,0,0,0,1,0
23,0,0,3.59731226059,0,0,1,1,0,0,0,0,0,0,0,0,0,0,1,0,0,0,0,1
24,3,1,3.09444574649,0,1,0,1,0,0,0,0,0,0,0,0,1,1,0,0,0,0,0,1
25,1,5,3.47777254589,0,1,0,1,0,0,0,0,0,0,0,0,1,0,0,1,0,0,0,1
26,0,0,2.10717829665,0,1,1,0,0,1,0,0,0,0,0,0,1,0,1,0,0,0,0,0
27,3,2,5.57594910315,0,0,1,0,1,0,0,0,1,0,0,0,0,0,1,0,0,0,0,1
28,0,0,2.18371146286,0,1,0,1,0,0,0,0,0,0,0,0,1,1,0,0,0,0,1,0
29,0,0,2.18557925524,0,1,1,1,0,0,0,0,0,0,0,0,1,0,1,0,0,0,0,1
30,0,0,3.35762159895,0,0,1,0,1,0,0,0,0,0,0,0,1,0,0,0,1,0,0,0
31,1,0,4.99396918279,0,0,0,0,1,0,0,1,0,0,0,0,0,0,0,1,0,0,0,0
32,0,0,2.16905370037,0,1,0,1,0,0,0,0,0,0,0,0,1,1,0,0,0,0,1,0
33,0,0,2.44234703537,1,0,1,0,1,0,0,0,0,0,0,0,1,0,1,0,0,0,0,1
34,1,0,4.42089632469,0,0,1,0,1,0,0,0,0,0,0,0,1,0,1,0,0,0,0,0
35,1,0,3.97029191355,0,0,1,1,0,0,0,0,0,0,0,0,1,0,1,0,0,0,0,1
36,0,0,2.10768880462,0,1,1,0,0,1,0,0,0,0,0,0,1,0,1,0,0,0,0,0
37,0,0,2.20276475771,0,1,1,0,0,1,0,0,0,0,0,0,1,0,1,0,0,0,0,1
38,2,0,2.94443897917,0,1,0,1,0,0,0,0,0,0,0,0,1,1,0,0,0,0,0,1
39,1,0,2.50484815633,0,1,0,0,0,1,0,0,0,0,0,0,1,1,0,0,0,0,0,0
40,1,0,2.34899146581,0,1,0,0,0,1,0,0,0,0,0,0,1,0,0,1,0,0,0,1
41,1,0,3.09104245336,1,0,0,0,1,0,0,0,0,0,0,0,1,0,0,1,0,0,0,1
42,0,0,2.18557925524,0,1,1,1,0,0,0,0,0,0,0,0,1,0,1,0,0,0,0,0
43,1,2,3.75136587113,1,0,0,0,0,1,0,0,0,0,0,0,1,1,0,0,0,0,0,0
44,0,0,2.18371146286,0,1,0,1,0,0,0,0,0,0,0,0,1,1,0,0,0,0,1,0
45,0,0,2.20276475771,0,1,1,0,1,0,0,0,0,0,0,0,1,0,1,0,0,0,0,1
46,1,0,2.80336038091,0,1,1,1,0,0,0,0,0,0,0,0,1,0,1,0,0,0,1,0
47,0,0,2.16905370037,0,1,0,0,1,0,0,0,0,0,0,0,1,1,0,0,0,0,1,0
48,2,0,3.12144820487,0,1,1,0,0,1,0,0,0,0,0,0,1,0,1,0,0,0,0,0
49,1,0,2.93385686984,0,1,0,1,0,0,0,0,0,0,0,0,1,0,0,1,0,0,0,1
50,4,1,3.70592091997,0,1,1,0,0,0,0,0,0,0,0,0,1,0,0,0,0,0,0,1
51,0,0,2.17475172148,0,1,1,0,1,0,0,0,0,0,0,0,1,0,1,0,0,0,0,1
52,1,0,4.35323099115,0,0,0,0,1,0,0,0,0,1,0,0,0,0,0,1,0,0,0,0
53,1,0,3.295836866,1,0,0,0,0,1,0,0,0,0,0,0,1,0,0,1,0,0,0,1
54,0,1,4.14280451315,0,0,1,1,0,0,0,1,0,0,0,0,0,0,1,0,0,0,0,0
55,0,0,3.59731226059,0,0,1,0,1,0,0,0,1,0,0,0,0,0,1,0,0,0,0,1
56,0,0,2.44234703537,1,0,0,0,1,0,0,0,0,0,0,0,1,1,0,0,0,0,0,1
57,0,0,2.10768880462,0,1,1,0,0,1,0,0,0,0,0,0,1,0,1,0,0,0,0,0
58,1,2,3.35863776724,1,0,0,0,1,0,0,0,0,0,0,0,1,1,0,0,0,0,0,1
59,5,2,3.86911550442,0,1,1,0,0,1,0,0,0,0,0,0,1,0,0,0,0,0,0,1
60,0,0,2.10768880462,0,1,1,0,0,1,0,0,0,0,0,0,1,0,1,0,0,0,0,0
61,0,0,4.39444915467,0,0,0,1,0,0,0,1,0,0,0,0,0,1,0,0,0,0,0,0
62,1,0,4.4364556326,0,0,1,0,1,0,0,0,1,0,0,0,0,0,1,0,0,0,0,1
63,3,2,3.36384159512,0,1,1,1,0,0,0,0,0,0,0,0,1,0,0,0,0,0,0,1
64,0,0,3.35762159895,0,0,1,0,1,0,0,0,0,0,0,0,1,0,1,0,0,0,0,0
65,1,1,2.78783441383,0,1,1,0,0,1,0,0,0,0,0,0,1,0,0,0,0,0,0,0
66,0,0,2.44234703537,1,0,0,0,1,0,0,0,0,0,0,1,0,0,0,1,0,0,0,1
67,0,0,2.21466057194,0,1,1,0,0,1,0,0,0,0,0,0,1,0,1,0,0,0,0,1
68,4,2,2.18885632767,0,1,0,0,0,0,0,0,0,0,0,0,1,1,0,0,0,0,0,1
69,2,0,2.26825241391,0,1,1,1,0,0,0,0,0,0,0,0,1,0,1,0,0,0,0,1
70,0,0,2.44234703537,1,0,1,0,1,0,0,0,0,0,0,0,1,0,1,0,0,0,0,1
71,5,2,3.86911550442,0,1,0,0,0,1,0,0,0,0,0,0,1,1,0,0,0,0,0,1
72,0,0,4.31079912539,1,0,1,0,1,0,0,0,0,0,0,0,1,0,1,0,0,0,0,1
73,1,0,2.73788081106,0,1,1,0,0,1,0,0,0,0,0,0,1,0,1,0,0,0,0,0
74,0,0,4.05171190166,0,1,1,0,0,1,0,0,0,0,0,0,1,0,1,0,0,0,0,1
75,0,0,2.15755932094,0,1,1,1,0,0,0,0,0,0,0,1,0,0,1,0,0,0,0,1
76,0,0,2.18557925524,0,1,1,1,0,0,0,0,0,0,0,0,1,0,1,0,0,0,0,1
77,0,0,2.20276475771,0,1,1,1,0,0,0,0,0,0,0,0,1,0,1,0,0,0,0,1
78,0,2,3.40119738166,1,0,1,1,0,0,0,0,0,0,0,0,1,0,0,0,0,0,0,1
79,0,0,2.6008361168,0,1,0,1,0,0,0,0,0,0,0,0,1,1,0,0,0,0,0,1
80,0,0,2.30258509299,0,1,1,1,0,0,0,0,0,0,0,0,1,0,1,0,0,0,0,1
81,0,0,2.35137525716,0,1,1,1,0,0,0,0,0,0,0,0,1,0,1,0,0,0,0,1
82,0,0,2.17333025714,0,1,0,1,0,0,0,0,0,0,0,0,1,1,0,0,0,0,1,0
83,0,0,3.87328217711,0,0,1,1,0,0,0,0,0,0,0,0,1,0,1,0,0,0,0,1
84,0,0,2.44234703537,1,0,0,0,1,0,0,0,0,0,0,0,1,1,0,0,0,0,0,1
85,3,0,2.8243506568,0,1,0,0,0,0,0,0,0,0,0,0,1,0,0,1,0,0,0,1
86,1,3,3.56600535596,0,1,1,0,0,1,0,0,0,0,0,0,1,0,1,0,0,0,0,1
87,0,0,2.20276475771,0,1,1,1,0,0,0,0,0,0,0,0,1,0,1,0,0,0,0,1
88,3,2,5.57594910315,0,0,0,0,1,0,0,0,1,0,0,0,0,1,0,0,0,0,0,1
89,0,0,2.20276475771,0,1,1,1,0,0,0,0,0,0,0,0,1,0,1,0,0,0,0,1
90,0,0,2.20276475771,0,1,1,1,0,0,0,0,0,0,0,0,1,0,1,0,0,0,0,1
91,0,0,2.18089192272,0,1,1,1,0,0,0,0,0,0,0,0,1,0,1,0,0,0,0,1
92,1,0,4.12995298969,0,0,1,0,0,1,0,0,0,0,1,0,0,0,1,0,0,0,0,1
93,1,2,3.07153523697,0,1,1,0,0,1,0,0,0,0,0,0,1,0,1,0,0,0,0,1
94,0,0,2.11021320035,0,1,1,1,0,0,0,0,0,0,0,0,1,0,1,0,0,0,0,1
95,0,0,2.20276475771,0,1,1,1,0,0,0,0,0,0,0,0,1,0,1,0,0,0,0,1
96,0,0,3.57386695198,0,0,1,0,1,0,0,0,0,0,0,0,0,0,1,0,0,0,0,0
97,0,1,4.16446590785,0,0,1,0,1,0,0,0,0,1,0,0,0,0,1,0,0,0,0,0
98,0,1,3.17805383035,1,0,0,1,0,0,0,0,0,0,0,0,1,0,0,1,0,0,0,1
99,1,0,3.295836866,1,0,1,1,0,0,0,0,0,0,0,0,1,0,1,0,0,0,0,1
100,0,0,2.18557925524,0,1,0,1,0,0,0,0,0,0,0,0,1,1,0,0,0,0,0,1
101,0,0,2.18557925524,0,1,1,1,0,0,0,0,0,0,0,0,1,0,1,0,0,0,0,1
102,0,1,4.36038794785,0,0,1,0,1,0,0,0,0,1,0,0,0,0,1,0,0,0,0,1
103,0,0,2.26739305383,0,1,1,0,0,1,0,0,0,0,0,0,1,0,1,0,0,0,0,1
104,2,0,2.18885632767,0,1,1,0,0,0,0,0,0,0,0,0,1,0,1,0,0,0,0,1
105,0,0,2.18557925524,0,1,1,1,0,0,0,0,0,0,0,0,1,0,1,0,0,0,0,1
106,0,0,2.15755932094,0,1,0,1,0,0,0,0,0,0,0,0,1,1,0,0,0,0,0,1
107,0,0,2.17190676935,0,1,1,1,0,0,0,0,0,0,0,0,1,0,1,0,0,0,0,1
108,0,0,2.18557925524,0,1,1,1,0,0,0,0,0,0,0,0,1,0,1,0,0,0,0,1
109,1,0,3.22485789655,0,1,0,1,0,0,0,0,0,0,0,0,1,1,0,0,0,0,1,0
110,0,0,3.97029191355,0,0,1,1,0,0,0,0,1,0,0,0,0,0,1,0,0,0,0,1
111,1,0,2.73788081106,0,1,0,0,0,1,0,0,0,0,0,0,1,1,0,0,0,0,0,0
112,0,0,2.20276475771,0,1,1,1,0,0,0,0,0,0,0,0,1,0,1,0,0,0,0,1
113,1,0,2.38185827389,0,1,0,0,0,1,0,0,0,0,0,0,1,1,0,0,0,0,0,1
114,0,0,2.73814607592,0,1,0,0,0,1,0,0,0,0,0,0,1,1,0,0,0,0,0,0
115,0,0,2.18885632767,0,1,1,0,0,0,0,0,0,0,0,0,1,0,1,0,0,0,0,1
116,0,0,2.16905370037,0,1,1,1,0,0,0,0,0,0,0,0,1,0,1,0,0,0,1,0
117,1,0,3.09104245336,1,0,1,0,1,0,0,0,0,0,0,0,1,0,1,0,0,0,0,1
118,0,1,5.51552654425,0,0,1,0,1,0,0,1,0,0,0,0,0,0,1,0,0,0,0,0
119,4,2,3.47429293673,0,1,0,1,0,0,0,0,0,0,0,0,1,1,0,0,0,0,0,1
120,2,0,4.31079912539,1,0,1,0,1,0,0,0,0,0,0,0,1,0,1,0,0,0,0,1
121,0,0,2.20276475771,0,1,1,0,1,0,0,0,0,0,0,0,1,0,1,0,0,0,0,1
122,1,0,3.43626847138,1,0,1,1,0,0,0,0,0,0,0,0,1,0,1,0,0,0,0,0
123,0,0,2.63905732962,1,0,0,0,1,0,0,0,0,0,1,0,0,1,0,0,0,0,0,1
124,0,1,4.36038794785,0,0,1,0,1,0,0,0,0,1,0,0,0,0,1,0,0,0,0,1
125,1,0,2.50484815633,0,1,1,0,0,1,0,0,0,0,0,0,1,0,0,0,0,0,0,0
126,0,0,2.16905370037,0,1,1,1,0,0,0,0,0,0,0,0,1,0,1,0,0,0,1,0
127,0,0,2.09699900342,0,1,1,0,1,0,0,0,0,0,0,0,1,0,1,0,0,0,0,1
128,1,1,3.15095238134,0,1,0,0,0,1,0,0,0,0,0,1,0,1,0,0,0,0,0,0
129,0,0,2.07631164867,0,1,1,1,0,0,0,0,0,0,0,0,1,0,1,0,0,0,0,1
130,0,0,2.18557925524,0,1,1,1,0,0,0,0,0,0,0,0,1,0,1,0,0,0,0,0
131,0,0,2.08567209143,0,1,1,0,0,0,0,0,0,0,0,0,1,0,1,0,0,0,0,1
132,1,0,2.74084002393,0,1,0,0,0,1,0,0,0,0,0,0,1,0,0,1,0,0,0,1
133,1,0,3.295836866,1,0,0,1,0,0,0,0,0,0,0,0,1,0,0,1,0,0,0,1
134,0,0,2.63905732962,1,0,1,0,1,0,0,0,0,0,0,0,1,0,1,0,0,0,0,1
135,0,0,2.77544713309,1,0,1,0,0,1,0,0,0,0,0,0,1,0,1,0,0,0,0,0
136,0,2,3.3062747934,0,0,0,0,1,0,0,0,0,1,0,0,0,1,0,0,0,0,0,1
137,1,0,3.99083418585,0,0,1,1,0,0,0,0,1,0,0,0,0,0,1,0,0,0,0,1
138,0,0,2.32402363635,0,1,1,0,0,1,0,0,0,0,0,0,1,0,1,0,0,0,0,1
139,0,0,4.38452351487,0,0,1,0,1,0,0,1,0,0,0,0,0,0,1,0,0,0,0,0
140,0,2,2.78783441383,0,1,0,0,0,1,0,0,0,0,0,0,1,0,0,1,0,0,0,0
141,0,0,2.16905370037,0,1,0,1,0,0,0,0,0,0,0,0,1,1,0,0,0,0,0,1
142,1,0,2.8243506568,0,1,0,0,0,0,0,0,0,0,0,0,1,0,0,1,0,0,0,1
143,0,0,2.04769284337,0,1,1,1,0,0,0,0,0,0,0,0,1,0,1,0,0,0,1,0
144,0,0,2.52572864431,1,0,1,1,0,0,0,0,0,0,0,0,1,0,1,0,0,0,0,1
145,1,1,3.6309854757,1,0,1,0,1,0,0,0,0,0,0,0,1,0,1,0,0,0,0,1
146,0,0,2.17427433483,0,1,1,1,0,0,0,0,0,0,0,0,1,0,1,0,0,0,0,1
147,2,2,3.56600535596,0,1,0,0,0,1,0,0,0,0,0,0,1,1,0,0,0,0,0,1
148,0,2,3.295836866,1,0,1,1,0,0,0,0,0,0,0,1,0,0,1,0,0,0,0,1
149,0,0,2.63905732962,1,0,1,1,0,0,0,0,0,0,0,0,1,0,0,0,0,1,0,1
150,0,0,2.60453982473,1,0,1,0,0,1,0,0,0,0,0,0,1,0,0,0,0,1,0,1
151,1,0,4.21360798305,0,0,0,1,0,0,0,0,1,0,0,0,0,0,0,1,0,0,0,1
152,0,0,2.20276475771,0,1,1,0,1,0,0,0,0,0,0,0,1,0,1,0,0,0,0,1
153,0,2,2.74084002393,0,1,1,0,0,0,1,0,0,0,0,0,1,0,1,0,0,0,0,1
154,0,0,2.11776040598,0,1,1,1,0,0,0,0,0,0,0,0,1,0,1,0,0,0,0,1
155,0,1,4.13323188647,0,0,1,0,1,0,0,0,0,0,0,0,1,0,1,0,0,0,0,0
156,0,0,2.1671433053,0,1,0,0,1,0,0,0,0,0,0,0,1,1,0,0,0,0,1,0
157,0,0,2.20276475771,0,1,1,1,0,0,0,0,0,0,0,0,1,0,1,0,0,0,0,1
158,0,0,2.26825241391,0,1,1,1,0,0,0,0,0,0,0,0,1,0,1,0,0,0,0,1
159,8,2,4.2563216783,0,1,1,0,0,1,0,0,0,0,0,0,1,0,0,0,0,0,0,1
160,0,1,2.83907846351,0,1,1,1,0,0,0,0,0,0,0,0,1,0,1,0,0,0,0,1
161,0,0,2.81839825827,1,0,0,0,1,0,0,0,0,0,0,0,1,0,0,1,0,0,0,1
162,0,0,2.17190676935,0,1,1,1,0,0,0,0,0,0,0,0,1,0,1,0,0,0,0,1
163,0,0,2.26825241391,0,1,1,1,0,0,0,0,0,0,0,0,1,0,1,0,0,0,0,1
164,4,1,3.70592091997,0,1,1,0,0,0,0,0,0,0,0,0,1,0,0,0,0,0,0,1
165,0,2,3.06921505031,0,1,1,1,0,0,0,0,0,0,0,0,1,0,0,0,0,0,0,1
166,0,1,4.02535169074,0,0,0,1,0,0,0,0,0,0,1,0,0,0,0,1,0,0,0,1
167,1,4,3.36384159512,0,1,0,1,0,0,0,0,0,0,0,0,1,0,0,1,0,0,0,1
168,0,0,3.29305522304,0,0,1,0,1,0,0,0,0,0,0,0,1,0,1,0,0,0,0,1
169,0,0,4.05171190166,0,1,1,0,0,1,0,0,0,0,0,0,1,0,1,0,0,0,0,1
170,0,0,3.54095932404,0,0,1,1,0,0,0,1,0,0,0,0,0,0,1,0,0,0,0,1
171,4,1,3.40535539181,0,1,1,1,0,0,0,0,0,0,0,0,1,0,0,0,0,0,1,0
172,1,1,2.49595373872,0,1,0,1,0,0,0,0,0,0,0,0,1,1,0,0,0,0,0,1
173,0,0,2.18885632767,0,1,1,0,0,0,0,0,0,0,0,0,1,0,1,0,0,0,0,1
174,0,0,3.45618417999,0,0,1,0,1,0,0,0,0,0,0,0,0,0,1,0,0,0,0,0
175,1,1,2.18089192272,0,1,1,1,0,0,0,0,0,0,0,0,1,0,1,0,0,0,0,1
176,3,1,3.27588733903,0,1,1,0,0,1,0,0,0,0,0,0,1,0,0,0,0,0,0,1
177,0,0,3.39156783269,0,0,0,0,1,0,0,0,1,0,0,0,0,1,0,0,0,0,0,0
178,0,0,2.63905732962,1,0,1,1,0,0,0,0,0,0,0,0,1,0,1,0,0,0,0,1
179,0,0,0.0,0,1,1,0,0,0,1,0,0,0,0,0,1,0,1,0,0,0,0,1
180,8,2,4.2563216783,0,1,0,0,0,1,0,0,0,0,0,0,1,1,0,0,0,0,0,1
181,0,0,2.77570884958,1,0,1,0,0,1,0,0,0,0,0,0,1,0,1,0,0,0,0,0
182,4,2,3.47777254589,0,1,1,1,0,0,0,0,0,0,0,0,1,0,0,0,0,0,0,1
183,2,1,3.68887945411,1,0,1,1,0,0,0,0,0,0,0,1,0,0,0,0,0,0,0,1
184,0,2,3.13658058214,0,1,0,1,0,0,0,0,0,0,0,0,1,1,0,0,0,0,0,1
185,0,0,3.93182563272,0,0,1,1,0,0,0,0,0,0,0,0,0,0,1,0,0,0,0,1
186,1,0,2.80336038091,0,1,0,1,0,0,0,0,0,0,0,0,1,0,0,1,0,0,1,0
187,0,0,3.3160025356,0,0,1,1,0,0,0,0,0,0,0,0,1,0,1,0,0,0,0,1
188,1,1,2.80336038091,0,1,1,1,0,0,0,0,0,0,0,0,1,0,1,0,0,0,1,0
189,0,0,2.18557925524,0,1,1,1,0,0,0,0,0,0,0,0,1,0,1,0,0,0,0,1
190,0,0,2.63905732962,1,0,0,1,0,0,0,0,0,0,0,0,1,0,0,1,0,0,0,1
191,0,0,2.63905732962,1,0,1,0,1,0,0,0,0,0,0,0,1,0,1,0,0,0,0,1
192,1,0,2.18089192272,0,1,0,1,0,0,0,0,0,0,0,0,1,1,0,0,0,0,0,1
193,1,1,3.295836866,1,0,1,1,0,0,0,0,0,0,0,1,0,0,0,0,0,0,0,1
194,0,0,3.35762159895,0,0,0,0,1,0,0,1,0,0,0,0,0,0,0,1,0,0,0,0
195,0,0,4.99396918279,0,0,0,0,1,0,0,1,0,0,0,0,0,1,0,0,0,0,0,0
196,0,0,2.16905370037,0,1,1,1,0,0,0,0,0,0,0,0,1,0,1,0,0,0,1,0
197,0,1,2.241156398,0,1,1,0,0,1,0,0,0,0,0,0,1,0,1,0,0,0,0,1
198,0,0,2.16905370037,0,1,0,1,0,0,0,0,0,0,0,0,1,1,0,0,0,0,1,0
199,0,0,2.63905732962,1,0,0,1,0,0,0,0,0,0,0,0,1,1,0,0,0,0,0,1
200,0,0,2.35137525716,0,1,1,1,0,0,0,0,0,0,0,0,1,0,1,0,0,0,0,1
201,8,2,4.2563216783,0,1,1,0,0,1,0,0,0,0,0,0,1,0,1,0,0,0,0,1
202,0,0,2.01434286368,0,1,1,0,0,0,0,0,0,0,0,0,1,0,1,0,0,0,0,1
203,0,0,2.10717829665,0,1,1,0,0,1,0,0,0,0,0,0,1,0,1,0,0,0,0,0
204,0,0,2.20276475771,0,1,1,0,0,1,0,0,0,0,0,0,1,0,1,0,0,0,0,1
205,0,1,2.43908083758,0,1,0,1,0,0,0,0,0,0,0,0,1,1,0,0,0,0,0,1
206,1,0,2.8243506568,0,1,1,0,0,0,0,0,0,0,0,0,1,0,1,0,0,0,0,1
207,0,0,2.98505042521,0,1,1,0,0,1,0,0,0,0,0,0,1,0,1,0,0,0,0,0
208,0,0,2.16905370037,0,1,0,1,0,0,0,0,0,0,0,0,1,1,0,0,0,0,1,0
209,0,0,3.4657359028,0,0,1,1,0,0,0,0,0,0,0,0,0,0,1,0,0,0,0,0
210,0,0,2.08567209143,0,1,1,0,0,0,0,0,0,0,0,0,1,0,1,0,0,0,0,1
211,0,0,3.09104245336,1,0,0,0,1,0,0,0,0,0,0,0,1,1,0,0,0,0,0,1
212,0,0,2.11021320035,0,1,1,0,1,0,0,0,0,0,0,0,1,0,1,0,0,0,0,1
213,0,0,2.63905732962,1,0,1,1,0,0,0,0,0,0,0,0,1,0,1,0,0,0,0,1
214,1,0,2.16905370037,0,1,1,1,0,0,0,0,0,0,0,0,1,0,1,0,0,0,1,0
215,1,0,4.73860782422,0,0,0,0,1,0,0,0,0,1,0,0,0,1,0,0,0,0,0,0
216,0,0,2.18885632767,0,1,0,0,0,0,0,0,0,0,0,0,1,1,0,0,0,0,0,1
217,1,0,3.33220451018,1,0,1,1,0,0,0,0,0,0,0,0,1,0,1,0,0,0,0,1
218,0,0,4.34758657596,0,0,0,0,1,0,0,0,0,1,0,0,0,1,0,0,0,0,0,0
219,0,0,2.44234703537,1,0,1,0,1,0,0,0,0,0,0,0,1,0,1,0,0,0,0,1
220,0,0,2.20276475771,0,1,1,1,0,0,0,0,0,0,0,0,1,0,1,0,0,0,0,1
221,0,0,2.63905732962,1,0,1,1,0,0,0,0,0,0,0,0,1,0,1,0,0,0,0,1
222,0,0,2.20276475771,0,1,1,0,1,0,0,0,0,0,0,0,1,0,1,0,0,0,0,1
223,0,0,2.18557925524,0,1,1,1,0,0,0,0,0,0,0,0,1,0,1,0,0,0,0,1
224,1,0,4.51085950652,0,0,1,0,1,0,0,0,1,0,0,0,0,0,1,0,0,0,0,1
225,0,0,2.33698651971,0,1,1,0,0,1,0,0,0,0,0,0,1,0,1,0,0,0,0,1
226,0,0,2.44234703537,1,0,1,0,0,0,1,0,0,0,0,0,1,0,1,0,0,0,0,1
227,0,0,2.11021320035,0,1,1,0,1,0,0,0,0,0,0,0,1,0,1,0,0,0,0,1
228,0,0,2.63905732962,1,0,1,1,0,0,0,0,0,0,0,0,1,0,1,0,0,0,0,1
229,3,1,3.27588733903,0,1,0,0,0,1,0,0,0,0,0,0,1,1,0,0,0,0,0,1
230,1,0,4.4364556326,0,0,0,0,1,0,0,0,1,0,0,0,0,0,0,1,0,0,0,1
231,0,0,2.17190676935,0,1,1,1,0,0,0,0,0,0,0,0,1,0,1,0,0,0,0,1
232,0,0,2.67414864943,1,0,1,1,0,0,0,0,0,0,0,0,1,0,1,0,0,0,0,1
233,4,2,3.47777254589,0,1,0,1,0,0,0,0,0,0,0,0,1,1,0,0,0,0,0,1
234,0,0,2.44234703537,1,0,1,0,1,0,0,0,0,0,0,0,1,0,1,0,0,0,0,1
235,0,0,2.14593128295,0,1,0,0,0,1,0,0,0,0,0,0,1,1,0,0,0,0,0,1
236,1,0,3.295836866,1,0,1,0,1,0,0,0,0,0,0,0,1,0,1,0,0,0,0,1
237,0,2,3.30505352111,1,0,0,0,1,0,0,0,0,0,0,0,1,1,0,0,0,0,0,1
238,0,0,2.44234703537,1,0,1,0,1,0,0,0,0,0,0,0,1,0,1,0,0,0,0,1
239,0,0,2.58588256713,1,0,1,0,0,1,0,0,0,0,0,0,1,0,1,0,0,0,0,1
240,1,0,2.73788081106,0,1,0,0,0,1,0,0,0,0,0,0,1,1,0,0,0,0,0,0
241,1,0,2.80336038091,0,1,0,1,0,0,0,0,0,0,0,0,1,1,0,0,0,0,1,0
242,0,0,2.44234703537,1,0,1,0,1,0,0,0,0,0,0,0,1,0,1,0,0,0,0,1
243,0,0,2.09494572822,0,1,1,0,0,0,0,0,0,0,0,0,1,0,1,0,0,0,0,1
244,0,0,2.10717829665,0,1,1,0,0,1,0,0,0,0,0,0,1,0,1,0,0,0,0,0
245,2,0,4.51085950652,0,0,1,0,1,0,0,0,1,0,0,0,0,0,0,0,1,0,1,0
246,0,0,2.17190676935,0,1,0,1,0,0,0,0,0,0,0,0,1,1,0,0,0,0,0,1
247,0,2,2.74084002393,1,0,0,1,0,0,0,0,0,0,0,0,1,0,0,1,0,0,0,1
248,1,1,3.98069422519,0,0,1,0,1,0,0,0,0,1,0,0,0,0,1,0,0,0,0,1
249,1,0,3.295836866,1,0,1,1,0,0,0,0,0,0,0,0,1,0,0,0,0,1,0,1
250,0,0,2.11021320035,0,1,1,1,0,0,0,0,0,0,0,0,1,0,1,0,0,0,0,1
251,1,1,2.43908083758,0,1,0,1,0,0,0,0,0,0,0,0,1,0,0,1,0,0,0,1
252,0,0,3.3160025356,0,0,1,1,0,0,0,0,1,0,0,0,0,0,1,0,0,0,0,1
253,1,0,2.83907846351,0,1,1,0,0,1,0,0,0,0,0,0,1,0,1,0,0,0,0,1
254,0,2,3.05459063056,0,1,0,1,0,0,0,0,0,0,0,0,1,0,0,1,0,0,0,1
255,0,2,2.78783441383,0,1,0,0,0,1,0,0,0,0,0,0,1,0,0,1,0,0,0,0
256,0,0,4.38452351487,0,0,0,0,1,0,0,0,0,0,0,0,1,0,0,1,0,0,0,0
257,0,0,4.47163879336,0,0,0,1,0,0,0,1,0,0,0,0,0,1,0,0,0,0,0,1
258,0,0,6.24091735476,0,0,0,0,1,0,0,0,0,0,0,0,1,1,0,0,0,0,0,0
259,0,1,3.295836866,1,0,0,1,0,0,0,0,0,0,0,0,1,0,0,1,0,0,0,1
260,0,0,2.16905370037,0,1,1,1,0,0,0,0,0,0,0,0,1,0,1,0,0,0,1,0
261,4,2,3.47777254589,0,1,1,1,0,0,0,0,0,0,0,0,1,0,0,0,0,0,0,1
262,1,1,4.39011880457,0,0,1,1,0,0,0,0,0,0,1,0,0,0,1,0,0,0,0,1
263,0,0,0.0,0,0,1,1,0,0,0,1,0,0,0,0,0,0,1,0,0,0,0,1
264,0,0,2.16905370037,0,1,0,1,0,0,0,0,0,0,0,0,1,1,0,0,0,0,1,0
265,0,0,2.44234703537,1,0,1,0,1,0,0,0,0,0,0,0,1,0,1,0,0,0,0,1
266,4,1,3.70592091997,0,1,1,0,0,0,0,0,0,0,0,0,1,0,1,0,0,0,0,1
267,1,0,2.17190676935,0,1,1,1,0,0,0,0,0,0,0,0,1,0,1,0,0,0,0,1
268,0,1,5.03995134843,0,0,0,0,1,0,0,0,1,0,0,0,0,0,0,1,0,0,0,1
269,0,0,4.91730069488,0,0,0,0,1,0,0,0,1,0,0,0,0,1,0,0,0,0,0,1
270,0,0,3.4657359028,0,0,1,1,0,0,0,0,0,0,0,0,1,0,1,0,0,0,0,1
271,0,0,0.0,0,1,1,0,0,0,1,0,0,0,0,0,1,0,1,0,0,0,0,1
272,0,1,3.02042488614,1,0,0,1,0,0,0,0,0,0,0,0,1,0,0,1,0,0,0,1
273,0,1,3.42426265459,0,0,1,0,1,0,0,0,1,0,0,0,0,0,1,0,0,0,0,0
274,0,0,2.16905370037,0,1,0,1,0,0,0,0,0,0,0,0,1,1,0,0,0,0,1,0
275,1,0,4.368919865,0,0,0,0,1,0,0,0,0,1,0,0,0,1,0,0,0,0,0,1
276,0,0,2.16905370037,0,1,0,1,0,0,0,0,0,0,0,0,1,1,0,0,0,0,0,1
277,0,0,0.0,1,0,1,1,0,0,0,0,0,0,0,0,1,0,1,0,0,0,0,1
278,4,1,3.40535539181,0,1,1,1,0,0,0,0,0,0,0,0,1,0,0,0,0,0,1,0
279,1,1,3.05635689537,0,1,0,0,0,1,0,0,0,0,0,0,1,0,0,1,0,0,0,1
280,0,0,2.16905370037,0,1,1,1,0,0,0,0,0,0,0,0,1,0,1,0,0,0,1,0
281,0,0,2.18089192272,0,1,1,1,0,0,0,0,0,0,0,0,1,0,1,0,0,0,0,1
282,0,0,2.35137525716,0,1,1,1,0,0,0,0,0,0,0,0,1,0,1,0,0,0,0,1
283,0,0,2.20276475771,0,1,1,0,1,0,0,0,0,0,0,0,1,0,1,0,0,0,0,1
284,0,0,3.295836866,0,0,1,1,0,0,0,0,0,0,0,0,0,0,1,0,0,0,0,1
285,0,0,2.26825241391,0,1,1,1,0,0,0,0,0,0,0,0,1,0,1,0,0,0,0,0
286,0,0,2.35137525716,0,1,1,1,0,0,0,0,0,0,0,0,1,0,1,0,0,0,0,1
287,0,0,2.18557925524,0,1,1,1,0,0,0,0,0,0,0,0,1,0,1,0,0,0,0,1
288,0,0,2.63905732962,1,0,1,1,0,0,0,0,0,0,0,0,1,0,1,0,0,0,0,1
289,0,0,2.16905370037,0,1,0,1,0,0,0,0,0,0,0,0,1,1,0,0,0,0,1,0
290,0,0,4.38014987466,0,0,0,0,1,0,0,0,0,0,0,0,1,1,0,0,0,0,0,1
291,1,0,4.52264907628,0,0,0,0,1,0,0,1,0,0,0,0,0,0,0,1,0,0,0,0
292,0,0,2.63008865963,1,0,1,0,0,1,0,0,0,1,0,0,0,0,1,0,0,0,0,0
293,0,0,2.28747145518,0,1,0,1,0,0,0,0,0,0,0,0,1,1,0,0,0,0,0,1
294,0,0,2.18557925524,0,1,1,1,0,0,0,0,0,0,0,0,1,0,1,0,0,0,0,1
295,0,0,3.35762159895,0,0,1,0,1,0,0,0,0,0,0,0,1,0,1,0,0,0,0,0
296,0,0,2.10768880462,0,1,1,0,0,1,0,0,0,0,0,0,1,0,1,0,0,0,0,0
297,1,2,5.02749241116,0,0,0,1,0,0,0,0,1,0,0,0,0,1,0,0,0,0,0,1
298,0,0,3.44998754583,0,0,1,0,1,0,0,0,1,0,0,0,0,0,1,0,0,0,0,1
299,0,1,5.51552654425,0,0,0,0,1,0,0,1,0,0,0,0,0,0,0,1,0,0,0,0
300,0,0,2.16905370037,0,1,0,0,0,1,0,0,0,0,0,0,1,1,0,0,0,0,1,0
301,2,0,3.18841661738,0,1,1,1,0,0,0,0,0,0,0,0,1,0,1,0,0,0,1,0
302,0,0,0.0,0,1,1,0,0,0,1,0,0,0,0,0,1,0,1,0,0,0,0,1
303,0,0,2.59151638485,1,0,0,1,0,0,0,0,0,0,1,0,0,1,0,0,0,0,1,0
304,0,0,2.20276475771,0,1,1,0,0,1,0,0,0,0,0,0,1,0,1,0,0,0,0,1
305,1,2,5.02749241116,0,0,1,1,0,0,0,0,1,0,0,0,0,0,0,0,0,0,0,1
306,0,0,4.71745636379,0,0,0,0,1,0,0,0,0,0,0,0,1,1,0,0,0,0,0,0
307,1,0,4.69957086141,0,0,0,0,1,0,0,0,1,0,0,0,0,0,0,1,0,0,0,0
308,1,0,3.21887582487,1,0,1,0,0,1,0,0,0,0,0,0,1,0,1,0,0,0,0,0
309,0,0,4.05922157524,0,0,0,0,1,0,0,0,0,0,1,0,0,1,0,0,0,0,0,0
310,0,0,4.43269954917,0,0,0,0,1,0,0,0,1,0,0,0,0,1,0,0,0,0,0,0
311,2,2,5.57357887212,0,0,0,0,1,0,0,1,0,0,0,0,0,1,0,0,0,0,0,0
312,1,1,3.295836866,1,0,0,1,0,0,0,0,0,0,0,0,1,0,0,1,0,0,0,1
313,0,0,2.18557925524,0,1,1,1,0,0,0,0,0,0,0,0,1,0,1,0,0,0,0,1
314,1,1,3.30505352111,1,0,1,0,1,0,0,0,0,0,0,0,1,0,1,0,0,0,0,1
315,0,0,2.18089192272,0,1,0,1,0,0,0,0,0,0,0,0,1,1,0,0,0,0,0,1
316,1,0,3.295836866,1,0,0,1,0,0,0,0,0,0,0,0,1,0,0,1,0,0,0,1
317,0,0,2.7080502011,1,0,1,0,1,0,0,0,0,0,0,0,1,0,0,0,1,0,0,1
318,0,2,5.11118445372,0,0,0,0,1,0,0,0,1,0,0,0,0,1,0,0,0,0,0,1
319,1,1,4.90897164032,0,0,0,0,1,0,0,0,0,0,1,0,0,0,0,1,0,0,0,0
320,0,0,2.11021320035,0,1,1,0,1,0,0,0,0,0,0,0,1,0,1,0,0,0,0,1
321,0,0,2.18557925524,0,1,1,1,0,0,0,0,0,0,0,0,1,0,1,0,0,0,0,1
322,0,0,2.59151638485,1,0,0,1,0,0,0,0,0,0,0,0,1,1,0,0,0,0,1,0
323,1,1,3.40119738166,1,0,0,1,0,0,0,0,0,0,0,0,1,0,0,1,0,0,0,1
324,8,2,4.2563216783,0,1,1,0,0,1,0,0,0,0,0,0,1,0,1,0,0,0,0,1
325,0,0,4.91730069488,0,0,0,0,1,0,0,0,1,0,0,0,0,1,0,0,0,0,0,0
326,0,0,1.9792758429,0,1,1,1,0,0,0,0,0,0,0,0,1,0,1,0,0,0,0,1
327,0,0,2.63905732962,1,0,0,0,1,0,0,0,0,1,0,0,0,0,0,1,0,0,0,1
328,1,1,3.06921505031,0,1,0,1,0,0,0,0,0,0,0,0,1,0,0,1,0,0,0,1
329,0,1,4.07718483938,0,0,0,1,0,0,0,1,0,0,0,0,0,1,0,0,0,0,0,0
330,2,0,3.18841661738,0,1,0,1,0,0,0,0,0,0,0,0,1,1,0,0,0,0,1,0
331,0,0,3.38439026335,0,0,1,1,0,0,0,0,1,0,0,0,0,0,1,0,0,0,0,1
332,0,1,5.03995134843,0,0,1,0,1,0,0,0,1,0,0,0,0,0,1,0,0,0,0,1
333,2,0,2.94443897917,0,1,1,1,0,0,0,0,0,0,0,0,1,0,1,0,0,0,0,1
334,1,0,4.90267881926,0,0,0,0,1,0,0,0,0,0,0,0,1,0,0,1,0,0,0,1
335,0,0,2.18557925524,0,1,1,1,0,0,0,0,0,0,0,0,1,0,1,0,0,0,0,1
336,1,0,4.21360798305,0,0,1,1,0,0,0,0,1,0,0,0,0,0,1,0,0,0,0,1
337,0,0,4.90897164032,0,0,0,0,1,0,0,0,0,0,1,0,0,1,0,0,0,0,0,0
338,0,0,2.20276475771,0,1,1,0,0,1,0,0,0,0,0,0,1,0,1,0,0,0,0,1
339,0,0,3.59731226059,0,0,1,1,0,0,0,0,0,0,0,0,1,0,1,0,0,0,0,1
340,1,1,3.295836866,1,0,1,1,0,0,0,0,0,0,0,1,0,0,0,0,0,0,0,1
341,3,2,5.57594910315,0,0,0,0,1,0,0,0,1,0,0,0,0,1,0,0,0,0,0,1
342,0,0,2.63905732962,1,0,1,1,0,0,0,0,0,0,0,0,1,0,1,0,0,0,0,1
343,0,0,2.63905732962,1,0,1,1,0,0,0,0,0,0,0,0,1,0,1,0,0,0,0,1
344,0,0,2.63905732962,1,0,1,1,0,0,0,0,0,0,0,0,1,0,1,0,0,0,0,1
345,0,0,2.63905732962,1,0,0,1,0,0,0,0,0,0,0,1,0,1,0,0,0,0,0,1
346,0,0,2.63905732962,1,0,0,0,1,0,0,0,0,0,0,0,1,1,0,0,0,0,0,1
347,1,0,2.83907846351,0,1,0,1,0,0,0,0,0,0,0,0,1,0,0,1,0,0,0,1
348,1,1,2.82731362193,0,1,1,0,1,0,0,0,0,0,0,0,1,0,0,0,0,0,0,1
349,0,0,2.26825241391,0,1,1,1,0,0,0,0,0,0,0,0,1,0,1,0,0,0,0,1
350,0,0,2.32483570193,0,1,1,0,0,1,0,0,0,0,0,0,1,0,1,0,0,0,0,1
351,0,0,3.58351893846,0,0,1,1,0,0,0,0,1,0,0,0,0,0,1,0,0,0,0,1
352,1,1,2.10768880462,0,1,1,0,0,1,0,0,0,0,0,0,1,0,1,0,0,0,0,0
353,1,0,2.93385686984,0,1,1,1,0,0,0,0,0,0,0,0,1,0,1,0,0,0,0,1
354,0,0,2.10717829665,0,1,1,0,0,1,0,0,0,0,0,0,1,0,1,0,0,0,0,0
355,0,0,2.35137525716,0,1,1,1,0,0,0,0,0,0,0,0,1,0,1,0,0,0,0,1
356,0,1,4.02535169074,0,0,0,1,0,0,0,0,0,0,1,0,0,1,0,0,0,0,0,1
357,0,0,2.63905732962,1,0,0,1,0,0,0,0,0,0,0,0,1,1,0,0,0,0,0,1
358,0,0,2.18371146286,0,1,0,1,0,0,0,0,0,0,0,0,1,1,0,0,0,0,1,0
359,0,0,2.18371146286,0,1,0,1,0,0,0,0,0,0,0,0,1,1,0,0,0,0,1,0
360,1,4,3.36384159512,0,1,1,1,0,0,0,0,0,0,0,0,1,0,1,0,0,0,0,1
361,1,0,3.35762159895,1,0,1,0,0,1,0,0,0,0,0,0,1,0,1,0,0,0,0,0
362,0,1,2.73788081106,0,1,0,0,0,1,0,0,0,0,0,0,1,0,0,1,0,0,0,0
363,0,0,2.08567209143,0,1,1,0,0,0,0,0,0,0,0,0,1,0,1,0,0,0,0,1
364,1,0,2.80336038091,0,1,1,1,0,0,0,0,0,0,0,0,1,0,1,0,0,0,1,0
365,0,0,2.11021320035,0,1,1,0,0,1,0,0,0,0,0,0,1,0,1,0,0,0,0,1
366,1,0,4.33401741549,0,0,0,1,0,0,0,0,0,1,0,0,0,0,0,1,0,0,0,0
367,0,0,2.10768880462,0,1,0,0,0,1,0,0,0,0,0,0,1,0,0,1,0,0,0,0
368,0,0,2.16905370037,0,1,0,0,1,0,0,0,0,0,0,0,1,1,0,0,0,0,1,0
369,0,0,4.25277179882,0,0,0,0,1,0,0,1,0,0,0,0,0,0,0,0,1,0,0,0
370,1,0,4.03320824701,0,0,1,0,1,0,0,0,0,0,1,0,0,0,1,0,0,0,0,0
371,1,0,2.01434286368,0,1,1,0,0,0,0,0,0,0,0,0,1,0,1,0,0,0,0,1
372,0,0,2.20276475771,0,1,1,1,0,0,0,0,0,0,0,0,1,0,1,0,0,0,0,1
373,0,0,4.91730069488,0,0,1,0,1,0,0,0,0,0,0,0,1,0,1,0,0,0,0,0
374,3,1,3.09444574649,0,1,0,1,0,0,0,0,0,0,0,0,1,1,0,0,0,0,0,1
375,1,0,4.42089632469,0,0,0,0,1,0,0,0,0,0,0,0,1,0,0,1,0,0,0,0
376,0,0,2.11021320035,0,1,0,0,0,1,0,0,0,0,0,0,1,1,0,0,0,0,0,1
377,0,2,5.35894198836,0,0,1,1,0,0,0,0,1,0,0,0,0,0,1,0,0,0,0,0
378,0,0,1.61193479263,0,1,1,0,0,1,0,0,0,0,0,0,1,0,1,0,0,0,0,0
379,0,0,2.17190676935,0,1,1,1,0,0,0,0,0,0,0,0,1,0,1,0,0,0,0,1
380,0,0,5.43164561354,0,0,0,0,1,0,0,0,0,0,0,0,1,1,0,0,0,0,0,0
381,0,2,2.81790261307,0,1,0,0,0,1,0,0,0,0,0,0,1,1,0,0,0,0,0,0
382,0,0,2.18885632767,0,1,1,0,0,0,0,0,0,0,0,0,1,0,1,0,0,0,0,1
383,1,0,3.97029191355,0,0,0,1,0,0,0,0,0,0,0,0,1,0,0,1,0,0,0,1
384,0,0,2.18557925524,0,1,1,1,0,0,0,0,0,0,0,0,1,0,1,0,0,0,0,1
385,0,0,4.31079912539,1,0,1,0,1,0,0,0,0,0,0,0,1,0,1,0,0,0,0,1
386,5,2,3.86911550442,0,1,1,0,0,1,0,0,0,0,0,0,1,0,0,0,0,0,0,1
387,0,0,2.63905732962,1,0,0,0,1,0,0,0,0,0,0,0,1,1,0,0,0,0,0,1
388,0,0,2.16667372762,0,1,1,1,0,0,0,0,0,0,0,0,1,0,1,0,0,0,1,0
389,0,0,2.56494935746,1,0,0,0,0,1,0,0,0,0,0,0,1,1,0,0,0,0,0,0
390,1,2,4.7957905456,0,0,1,1,0,0,0,1,0,0,0,0,0,0,1,0,0,0,0,1
391,0,0,2.17427433483,0,1,1,1,0,0,0,0,0,0,0,0,1,0,1,0,0,0,0,1
392,2,0,2.18885632767,0,1,1,0,0,0,0,0,0,0,0,0,1,0,1,0,0,0,0,1
393,1,0,4.73860782422,0,0,0,0,1,0,0,0,0,1,0,0,0,1,0,0,0,0,0,0
394,0,2,2.87356463958,0,1,0,0,0,1,0,0,0,0,0,0,1,0,0,1,0,0,0,1
395,0,0,2.17427433483,0,1,1,1,0,0,0,0,0,0,0,0,1,0,1,0,0,0,0,1
396,0,0,2.18089192272,0,1,0,1,0,0,0,0,0,0,0,0,1,1,0,0,0,0,0,1
397,0,0,3.295836866,1,0,1,0,1,0,0,0,0,0,0,0,1,0,1,0,0,0,0,1
398,0,0,2.44234703537,1,0,1,1,0,0,0,0,0,0,0,0,1,0,0,0,1,0,0,1
399,0,0,2.61373952163,1,0,0,1,0,0,0,0,0,0,0,0,1,0,0,1,0,0,0,1
400,0,0,2.18885632767,0,1,1,0,0,0,0,0,0,0,0,0,1,0,1,0,0,0,0,1
401,0,0,2.20276475771,0,1,1,1,0,0,0,0,0,0,0,0,1,0,1,0,0,0,0,1
402,1,0,2.38185827389,0,1,0,0,0,1,0,0,0,0,0,0,1,1,0,0,0,0,0,1
403,1,0,2.8243506568,0,1,1,0,0,0,0,0,0,0,0,0,1,0,1,0,0,0,0,1
404,0,0,2.26825241391,0,1,0,1,0,0,0,0,0,0,0,0,1,1,0,0,0,0,0,1
405,1,0,3.09104245336,1,0,1,0,1,0,0,0,0,0,0,0,1,0,1,0,0,0,0,1
406,0,0,2.16905370037,0,1,1,1,0,0,0,0,0,0,0,0,1,0,1,0,0,0,0,1
407,1,1,2.98315349135,1,0,1,0,1,0,0,0,0,0,0,0,1,0,0,0,0,0,0,1
408,0,0,2.17190676935,0,1,1,1,0,0,0,0,0,0,0,0,1,0,1,0,0,0,0,1
409,3,1,3.27588733903,0,1,0,0,0,1,0,0,0,0,0,0,1,1,0,0,0,0,0,1
410,0,0,2.18557925524,0,1,1,1,0,0,0,0,0,0,0,0,1,0,1,0,0,0,0,1
411,0,0,2.06157029806,0,1,1,1,0,0,0,0,0,0,0,0,1,0,1,0,0,0,1,0
412,1,0,4.51085950652,0,0,0,0,1,0,0,0,1,0,0,0,0,1,0,0,0,0,1,0
413,0,0,0.0,1,0,1,1,0,0,0,0,0,0,0,0,1,0,1,0,0,0,0,1
414,0,0,2.18885632767,0,1,1,0,0,0,0,0,0,0,0,0,1,0,1,0,0,0,0,1
415,0,0,2.20276475771,0,1,0,1,0,0,0,0,0,0,0,0,1,0,0,1,0,0,0,1
416,1,1,3.51154543883,1,0,0,0,1,0,0,0,0,0,0,0,1,0,0,1,0,0,0,1
417,0,2,2.63905732962,1,0,0,1,0,0,0,0,0,0,0,0,1,1,0,0,0,0,0,1
418,0,0,2.63905732962,1,0,1,0,1,0,0,0,0,0,0,0,1,0,1,0,0,0,0,1
419,0,2,3.22485789655,0,1,0,1,0,0,0,0,0,0,0,0,1,1,0,0,0,0,0,1
420,0,0,2.18557925524,0,1,1,1,0,0,0,0,0,0,0,0,1,0,1,0,0,0,0,0
421,0,0,2.1671433053,0,1,1,0,1,0,0,0,0,0,0,0,1,0,1,0,0,0,1,0
422,0,0,2.18323833536,0,1,1,1,0,0,0,0,0,0,0,0,1,0,1,0,0,0,0,1
423,1,1,2.73436750942,0,1,0,1,0,0,0,0,0,0,0,0,1,0,0,1,0,0,0,1
424,1,1,3.05459063056,0,1,1,1,0,0,0,0,0,0,0,0,1,0,1,0,0,0,0,1
425,0,0,2.11021320035,0,1,1,0,1,0,0,0,0,0,0,0,1,0,1,0,0,0,0,1
426,1,0,3.295836866,1,0,0,0,0,1,0,0,0,0,0,0,1,0,0,1,0,0,0,1
427,0,0,3.295836866,1,0,0,1,0,0,0,0,0,0,0,0,1,1,0,0,0,0,0,1
428,0,0,2.16905370037,0,1,1,1,0,0,0,0,0,0,0,0,1,0,1,0,0,0,1,0
429,0,0,2.20276475771,0,1,1,1,0,0,0,0,0,0,1,0,0,0,1,0,0,0,0,1
430,0,0,3.3160025356,0,0,1,1,0,0,0,0,1,0,0,0,0,0,1,0,0,0,0,1
431,1,0,2.83907846351,0,1,0,1,0,0,0,0,0,0,0,0,1,0,0,1,0,0,0,1
432,1,0,3.295836866,1,0,0,0,0,1,0,0,0,0,0,0,1,0,0,1,0,0,0,1
433,0,0,2.09494572822,0,1,1,0,0,0,0,0,0,0,0,0,1,0,1,0,0,0,0,1
434,1,0,4.04129534113,0,0,1,0,1,0,0,0,0,0,1,0,0,0,1,0,0,0,0,1
435,1,2,4.7957905456,0,0,0,1,0,0,0,1,0,0,0,0,0,1,0,0,0,0,0,1
436,2,2,3.56600535596,0,1,0,0,0,1,0,0,0,0,0,0,1,1,0,0,0,0,0,1
437,2,3,2.98315349135,1,0,0,0,1,0,0,0,0,0,0,0,1,0,0,1,0,0,0,1
438,1,4,5.57594910315,0,0,1,0,1,0,0,0,1,0,0,0,0,0,1,0,0,0,0,1
439,0,0,2.44234703537,1,0,1,0,1,0,0,0,0,0,0,0,1,0,1,0,0,0,0,1
440,1,1,3.30505352111,1,0,0,0,1,0,0,0,0,0,0,0,1,0,0,1,0,0,0,1
441,0,0,2.35137525716,0,1,1,1,0,0,0,0,0,0,0,0,1,0,1,0,0,0,0,1
442,1,0,2.17190676935,0,1,1,1,0,0,0,0,0,0,0,0,1,0,1,0,0,0,0,1
443,0,0,2.63905732962,1,0,0,1,0,0,0,0,0,0,0,0,1,0,0,0,1,0,0,1
444,0,0,2.20964709733,0,1,1,0,1,0,0,0,0,0,0,0,1,0,1,0,0,0,0,1
445,0,2,4.4171319199,0,0,1,0,1,0,0,0,0,0,0,0,0,0,0,0,0,0,0,1
446,0,1,3.02042488614,1,0,0,1,0,0,0,0,0,0,0,0,1,1,0,0,0,0,0,1
447,0,0,3.3160025356,0,0,1,1,0,0,0,0,0,0,0,0,1,0,1,0,0,0,0,1
448,2,1,3.00856458612,0,1,0,0,0,1,0,0,0,0,0,0,1,1,0,0,0,0,0,0
449,0,0,3.44998754583,0,0,1,1,0,0,0,0,1,0,0,0,0,0,0,0,1,0,0,1
450,1,2,3.35863776724,1,0,1,0,1,0,0,0,0,0,0,0,1,0,1,0,0,0,0,1
451,1,0,3.04293546486,0,1,1,0,1,0,0,0,0,0,0,0,1,0,1,0,0,0,0,1
452,0,0,3.35863776724,0,0,1,1,0,0,0,0,1,0,0,0,0,0,1,0,0,0,0,0
453,1,0,4.5009667784,0,0,1,0,1,0,0,0,1,0,0,0,0,0,1,0,0,0,0,0
454,0,0,2.20276475771,0,1,1,0,0,1,0,0,0,0,0,0,1,0,1,0,0,0,0,1
455,0,0,2.18557925524,0,1,1,1,0,0,0,0,0,0,0,0,1,0,1,0,0,0,0,0
456,0,0,3.3160025356,0,0,1,0,1,0,0,0,0,0,1,0,0,0,1,0,0,0,0,1
457,1,0,3.9676942028,0,0,0,0,1,0,0,0,0,1,0,0,0,0,0,1,0,0,0,1
458,0,0,2.44234703537,1,0,0,0,1,0,0,0,0,0,0,0,1,1,0,0,0,0,0,1
459,0,0,2.16905370037,0,1,1,1,0,0,0,0,0,0,0,0,1,0,1,0,0,0,1,0
460,0,0,3.3160025356,0,0,1,0,1,0,0,0,0,0,1,0,0,0,1,0,0,0,0,1
461,0,0,2.20276475771,0,1,1,1,0,0,0,0,0,0,0,0,1,0,1,0,0,0,0,1
462,0,0,3.67630067191,0,0,1,1,0,0,0,0,0,0,1,0,0,0,1,0,0,0,0,1
463,0,0,2.63905732962,1,0,1,1,0,0,0,0,0,0,0,0,1,0,1,0,0,0,0,1
464,0,0,2.20276475771,0,1,1,0,0,1,0,0,0,0,0,0,1,0,1,0,0,0,0,1
465,0,0,2.08567209143,0,1,1,0,0,0,0,0,0,0,0,0,1,0,1,0,0,0,0,1
466,0,0,0.0,1,0,1,1,0,0,0,0,0,0,0,0,1,0,1,0,0,0,0,1
467,0,0,3.3160025356,0,0,1,1,0,0,0,0,0,0,0,0,1,0,1,0,0,0,0,1
468,0,0,2.16619246809,0,1,1,0,1,0,0,0,0,0,0,0,1,0,1,0,0,0,1,0
469,2,1,3.00856458612,0,1,0,0,0,1,0,0,0,0,0,0,1,1,0,0,0,0,0,0
470,0,0,2.11021320035,0,1,1,1,0,0,0,0,0,0,0,0,1,0,1,0,0,0,0,1
471,0,0,2.26825241391,0,1,1,1,0,0,0,0,0,0,0,0,1,0,1,0,0,0,0,1
472,1,2,3.35863776724,1,0,0,0,1,0,0,0,0,0,0,0,1,0,0,1,0,0,0,1
473,0,0,2.69406621265,1,0,0,0,0,0,1,0,0,1,0,0,0,0,0,1,0,0,0,0
474,0,0,2.38301234211,0,1,0,0,0,1,0,0,0,0,0,0,1,1,0,0,0,0,0,1
475,0,0,3.97029191355,0,0,1,1,0,0,0,0,0,0,0,0,0,0,1,0,0,0,0,1
476,1,0,3.09104245336,1,0,1,0,1,0,0,0,0,0,0,0,1,0,1,0,0,0,0,1
477,1,0,2.08515021615,0,1,1,0,0,1,0,0,0,0,0,0,1,0,1,0,0,0,0,1
478,0,0,2.14251023315,0,1,1,1,0,0,0,0,0,0,0,0,1,0,1,0,0,0,0,1
479,0,1,2.58682374367,0,1,0,0,0,0,0,0,0,0,0,0,1,1,0,0,0,0,0,1
480,5,2,3.86911550442,0,1,1,0,0,1,0,0,0,0,0,0,1,0,0,0,0,0,0,1
481,0,0,0.0,1,0,1,1,0,0,0,0,0,0,0,0,1,0,1,0,0,0,0,1
482,0,0,2.20276475771,0,1,1,0,0,1,0,0,0,0,0,0,1,0,1,0,0,0,0,1
483,0,0,2.35967405998,0,1,0,0,0,1,0,0,0,0,0,0,1,0,0,1,0,0,0,1
484,1,0,4.52264907628,0,0,1,0,1,0,0,1,0,0,0,0,0,0,1,0,0,0,0,0
485,3,1,3.27588733903,0,1,0,0,0,1,0,0,0,0,0,0,1,1,0,0,0,0,0,1
486,1,0,4.51085950652,0,0,0,0,1,0,0,0,1,0,0,0,0,0,0,1,0,0,0,1
487,0,0,3.42426265459,0,0,1,0,1,0,0,1,0,0,0,0,0,0,1,0,0,0,0,0
488,0,0,2.20276475771,0,1,1,0,1,0,0,0,0,0,0,0,1,0,1,0,0,0,0,1
489,1,1,2.82731362193,0,1,1,0,1,0,0,0,0,0,0,0,1,0,0,0,0,0,0,1
490,1,0,3.04293546486,0,1,1,0,1,0,0,0,0,0,0,0,1,0,1,0,0,0,0,1
491,0,0,2.11021320035,0,1,1,0,0,0,0,0,0,0,0,0,1,0,1,0,0,0,0,1
492,0,0,3.44998754583,0,0,1,1,0,0,0,0,1,0,0,0,0,0,1,0,0,0,0,1
493,0,0,3.92205650114,0,0,1,0,1,0,0,0,0,0,0,0,1,0,1,0,0,0,0,0
494,0,0,2.20276475771,0,1,1,0,1,0,0,0,0,0,0,0,1,0,1,0,0,0,0,1
495,0,0,2.73814607592,0,1,1,0,0,1,0,0,0,0,0,0,1,0,1,0,0,0,0,0
496,1,0,4.37281811611,0,0,0,0,1,0,0,0,0,1,0,0,0,1,0,0,0,0,0,0
497,0,0,2.77881927199,0,1,1,0,0,1,0,0,0,0,0,0,1,0,1,0,0,0,0,1
498,1,2,5.02749241116,0,0,0,1,0,0,0,0,1,0,0,0,0,0,0,1,0,0,0,1
499,0,0,2.17427433483,0,1,1,1,0,0,0,0,0,0,0,0,1,0,1,0,0,0,0,1
500,0,0,2.26825241391,0,1,1,1,0,0,0,0,0,0,0,0,1,0,1,0,0,0,0,1
501,0,0,2.16905370037,0,1,0,1,0,0,0,0,0,0,0,0,1,1,0,0,0,0,1,0
502,0,0,2.15515180091,0,1,0,1,0,0,0,0,0,0,0,0,1,1,0,0,0,0,1,0
503,0,0,2.35967405998,0,1,0,0,0,1,0,0,0,0,0,0,1,1,0,0,0,0,0,1
504,0,0,4.47163879336,0,0,0,1,0,0,0,1,0,0,0,0,0,1,0,0,0,0,0,1
505,1,0,4.69957086141,0,0,1,0,1,0,0,0,1,0,0,0,0,0,1,0,0,0,0,0
506,0,2,3.295836866,1,0,0,0,1,0,0,0,0,0,0,0,1,0,0,1,0,0,0,1
507,0,0,3.3160025356,0,0,1,1,0,0,0,0,0,0,0,0,1,0,1,0,0,0,0,1
508,0,0,3.15806368547,0,1,1,0,0,1,0,0,0,0,0,0,1,0,1,0,0,0,0,1
509,0,0,4.05171190166,0,1,1,0,0,1,0,0,0,0,0,0,1,0,1,0,0,0,0,1
510,0,0,2.16905370037,0,1,1,1,0,0,0,0,0,0,0,0,1,0,1,0,0,0,1,0
511,0,0,2.20276475771,0,1,1,0,0,0,0,0,0,0,0,0,1,0,1,0,0,0,0,1
512,0,0,3.30642872188,0,0,1,0,1,0,0,0,0,0,1,0,0,0,1,0,0,0,0,1
513,1,0,4.10098910494,0,0,0,0,1,0,0,0,0,0,0,0,1,0,0,1,0,0,0,0
514,0,0,2.13957192373,0,1,1,1,0,0,0,0,0,0,0,0,1,0,1,0,0,0,0,1
515,0,0,3.55594217069,0,0,1,0,1,0,0,0,0,1,0,0,0,0,1,0,0,0,0,1
516,0,0,2.44234703537,1,0,0,0,1,0,0,0,0,0,0,1,0,0,0,1,0,0,0,1
517,0,0,3.22485789655,0,1,1,1,0,0,0,0,0,0,0,0,1,0,1,0,0,0,1,0
518,1,0,3.295836866,1,0,0,1,0,0,0,0,0,0,0,0,1,0,0,1,0,0,0,1
519,0,0,2.18557925524,0,1,1,1,0,0,0,0,0,0,0,0,1,0,1,0,0,0,0,1
520,0,0,4.5485998345,0,0,0,0,1,0,0,1,0,0,0,0,0,1,0,0,0,0,0,1
521,0,0,2.18557925524,0,1,1,1,0,0,0,0,0,0,0,0,1,0,1,0,0,0,0,1
522,0,0,2.10717829665,0,1,1,0,0,1,0,0,0,0,0,0,1,0,1,0,0,0,0,0
523,0,1,4.07718483938,0,0,0,1,0,0,0,1,0,0,0,0,0,0,0,1,0,0,0,0
524,0,0,2.10768880462,0,1,1,0,0,1,0,0,0,0,0,0,1,0,1,0,0,0,0,0
525,0,0,2.16905370037,0,1,1,1,0,0,0,0,0,0,0,0,1,0,1,0,0,0,1,0
526,0,0,2.44234703537,1,0,0,0,1,0,0,0,0,0,0,0,1,1,0,0,0,0,0,1
527,0,0,5.40618114642,0,0,1,0,1,0,0,0,1,0,0,0,0,0,1,0,0,0,0,1
528,0,0,2.18885632767,0,1,1,0,0,0,0,0,0,0,0,0,1,0,1,0,0,0,0,1
529,2,1,2.52572864431,1,0,1,0,1,0,0,0,0,0,0,0,1,0,1,0,0,0,0,1
530,1,1,3.295836866,1,0,0,0,1,0,0,0,0,0,0,0,1,1,0,0,0,0,0,1
531,0,0,2.10768880462,0,1,1,0,0,1,0,0,0,0,0,0,1,0,1,0,0,0,0,0
532,1,1,2.10768880462,0,1,1,0,0,1,0,0,0,0,0,0,1,0,1,0,0,0,0,0
533,0,2,3.15095238134,0,1,0,0,0,1,0,0,0,0,0,0,1,0,0,1,0,0,0,0
534,0,0,2.26825241391,0,1,0,1,0,0,0,0,0,0,0,0,1,1,0,0,0,0,0,1
535,0,2,3.30505352111,1,0,0,0,1,0,0,0,0,0,0,0,1,1,0,0,0,0,0,1
536,0,0,3.3160025356,0,0,1,1,0,0,0,1,0,0,0,0,0,0,0,0,1,0,0,1
537,0,0,4.67679292966,0,0,0,0,1,0,0,0,0,0,0,0,1,1,0,0,0,0,0,0
538,0,0,2.74084002393,0,1,1,1,0,0,0,0,0,0,0,0,1,0,1,0,0,0,0,1
539,0,2,3.92197333628,0,0,0,0,1,0,0,1,0,0,0,0,0,1,0,0,0,0,0,0
540,0,2,4.27666611902,0,0,0,0,0,1,0,1,0,0,0,0,0,1,0,0,0,0,0,1
541,4,2,3.47429293673,0,1,0,1,0,0,0,0,0,0,0,0,1,1,0,0,0,0,0,1
542,4,2,3.47429293673,0,1,0,1,0,0,0,0,0,0,0,0,1,1,0,0,0,0,0,1
543,1,0,3.295836866,1,0,1,0,0,1,0,0,0,0,0,0,1,0,1,0,0,0,0,1
544,1,0,4.67679292966,0,0,1,0,1,0,0,0,1,0,0,0,0,0,1,0,0,0,0,0
545,0,0,3.295836866,0,0,1,0,0,0,1,0,0,0,0,0,1,0,1,0,0,0,0,1
546,1,0,3.295836866,1,0,0,0,0,1,0,0,0,0,0,0,1,0,0,1,0,0,0,1
547,0,0,2.69884126202,1,0,1,0,0,1,0,0,0,0,0,0,1,0,1,0,0,0,0,0
548,1,1,3.06921505031,0,1,1,1,0,0,0,0,0,0,0,0,1,0,1,0,0,0,0,1
549,1,1,3.6309854757,1,0,1,0,1,0,0,0,0,0,0,0,1,0,0,0,0,0,0,1
550,0,2,4.71745636379,0,0,1,0,1,0,0,0,1,0,0,0,0,0,1,0,0,0,0,0
551,0,0,3.295836866,1,0,1,1,0,0,0,0,0,0,0,0,1,0,1,0,0,0,0,1
552,0,0,2.17806441028,0,1,1,1,0,0,0,0,0,0,0,0,1,0,1,0,0,0,1,0
553,0,0,2.10717829665,0,1,1,0,0,1,0,0,0,0,0,0,1,0,1,0,0,0,0,0
554,0,0,2.17190676935,0,1,0,1,0,0,0,0,0,0,0,0,1,1,0,0,0,0,0,1
555,0,0,3.3160025356,0,0,1,1,0,0,0,0,0,0,0,0,1,0,1,0,0,0,0,1
556,1,0,3.70376806661,0,0,0,0,1,0,0,0,0,0,0,0,0,0,0,0,1,0,0,0
557,0,0,5.43164561354,0,0,1,0,1,0,0,0,0,0,0,0,1,0,1,0,0,0,0,0
558,1,1,4.39011880457,0,0,0,1,0,0,0,0,0,0,1,0,0,0,0,1,0,0,0,1
559,1,0,2.91235066461,0,1,0,1,0,0,0,0,0,0,0,0,1,0,0,1,0,0,0,1
560,0,0,2.16905370037,0,1,1,1,0,0,0,0,0,0,0,0,1,0,1,0,0,0,1,0
561,0,0,2.18557925524,0,1,1,1,0,0,0,0,0,0,0,0,1,0,1,0,0,0,0,1
562,0,0,2.67414864943,1,0,1,1,0,0,0,0,0,0,0,0,1,0,1,0,0,0,0,1
563,0,0,2.20276475771,0,1,1,1,0,0,0,0,0,0,0,0,1,0,1,0,0,0,0,1
564,0,0,2.20276475771,0,1,0,1,0,0,0,0,0,0,0,0,1,1,0,0,0,0,0,1
565,2,0,3.22485789655,0,1,1,0,1,0,0,0,0,0,0,0,1,0,1,0,0,0,0,1
566,0,0,2.18557925524,0,1,1,1,0,0,0,0,0,0,0,0,1,0,1,0,0,0,0,1
567,0,4,3.09444574649,0,1,0,1,0,0,0,0,0,0,0,0,1,0,0,1,0,0,0,1
568,0,0,2.10768880462,0,1,1,0,0,1,0,0,0,0,0,0,1,0,1,0,0,0,0,0
569,0,0,2.18089192272,0,1,1,1,0,0,0,0,0,0,0,0,1,0,1,0,0,0,0,1
570,0,0,2.44234703537,1,0,1,0,0,0,1,0,0,0,0,0,1,0,1,0,0,0,0,1
571,2,0,3.96041690062,0,0,0,0,1,0,0,0,1,0,0,0,0,0,0,1,0,0,0,1
572,0,0,3.31008670492,0,0,1,0,1,0,0,0,0,0,1,0,0,0,1,0,0,0,0,1
573,0,0,2.16905370037,0,1,0,0,1,0,0,0,0,0,0,0,1,1,0,0,0,0,1,0
574,0,0,2.20276475771,0,1,1,0,1,0,0,0,0,0,0,0,1,0,1,0,0,0,0,1
575,0,0,2.74084002393,0,1,1,1,0,0,0,0,0,0,0,0,1,0,1,0,0,0,0,1
576,0,0,2.63905732962,1,0,0,1,0,0,0,0,0,0,0,0,1,1,0,0,0,0,0,1
577,1,0,4.04129534113,0,0,0,0,1,0,0,0,0,0,1,0,0,0,0,1,0,0,0,1
578,1,0,2.73814607592,0,1,0,0,0,1,0,0,0,0,0,0,1,0,0,1,0,0,0,0
579,0,0,2.18885632767,0,1,1,0,0,0,0,0,0,0,0,0,1,0,1,0,0,0,0,1
580,1,1,3.43398720449,1,0,0,1,0,0,0,0,0,0,0,0,1,1,0,0,0,0,0,1
581,1,1,4.71745636379,0,0,0,0,1,0,0,0,1,0,0,0,0,0,0,1,0,0,0,0
582,0,0,3.295836866,1,0,1,0,1,0,0,0,0,0,0,0,1,0,1,0,0,0,0,1
583,0,0,3.71661620909,0,0,1,0,1,0,0,0,0,0,0,0,0,0,1,0,0,0,0,0
584,0,0,2.27341371569,0,1,1,0,0,1,0,0,0,0,0,0,1,0,1,0,0,0,0,0
585,0,2,4.39011880457,0,0,0,1,0,0,0,0,0,0,1,0,0,1,0,0,0,0,0,1
586,0,0,2.77258872224,1,0,1,1,0,0,0,0,0,0,0,0,1,0,1,0,0,0,0,1
587,1,1,4.38452351487,0,0,1,0,1,0,0,1,0,0,0,0,0,0,1,0,0,0,0,0
588,0,0,2.20276475771,0,1,1,0,1,0,0,0,0,0,0,0,1,0,1,0,0,0,0,1
589,0,0,2.20276475771,0,1,1,0,0,1,0,0,0,0,0,0,1,0,1,0,0,0,0,1
590,0,0,2.09494572822,0,1,1,0,0,0,0,0,0,0,0,0,1,0,1,0,0,0,0,1
591,1,0,4.37281811611,0,0,0,0,1,0,0,0,0,1,0,0,0,0,0,1,0,0,0,0
592,0,0,2.11021320035,0,1,1,0,0,1,0,0,0,0,0,0,1,0,1,0,0,0,0,1
593,0,2,2.16905370037,0,1,0,1,0,0,0,0,0,0,0,0,1,1,0,0,0,0,1,0
594,1,0,3.295836866,1,0,1,0,1,0,0,0,0,0,0,0,1,0,1,0,0,0,0,1
595,1,1,3.22485789655,0,1,1,1,0,0,0,0,0,0,0,0,1,0,1,0,0,0,0,1
596,0,0,3.52636052462,1,0,0,1,0,0,0,0,0,0,0,0,1,1,0,0,0,0,0,1
597,0,0,0.0,0,1,1,0,0,0,1,0,0,0,0,0,1,0,1,0,0,0,0,1
598,0,0,2.10717829665,0,1,1,0,0,1,0,0,0,0,0,0,1,0,1,0,0,0,0,0
599,1,0,4.05922157524,0,0,1,0,1,0,0,0,0,0,0,0,0,0,0,0,1,0,0,0
600,2,1,3.33220451018,1,0,0,1,0,0,0,0,0,0,0,0,1,0,0,1,0,0,0,1
601,0,0,2.18557925524,0,1,1,1,0,0,0,0,0,0,0,0,1,0,1,0,0,0,0,1
602,0,0,3.77045944111,0,0,1,1,0,0,0,0,0,0,0,0,1,0,1,0,0,0,0,1
603,0,0,2.20276475771,0,1,1,1,0,0,0,0,0,0,0,0,1,0,1,0,0,0,0,1
604,0,0,3.3160025356,0,0,1,1,0,0,0,0,0,0,0,0,1,0,1,0,0,0,0,0
605,1,0,2.80638610182,0,1,1,1,0,0,0,0,0,0,0,0,1,0,1,0,0,0,0,1
606,0,0,2.18557925524,0,1,1,1,0,0,0,0,0,0,0,0,1,0,1,0,0,0,0,1
607,0,0,3.44998754583,0,0,1,1,0,0,0,0,0,0,0,0,1,0,1,0,0,0,0,1
608,1,2,3.75136587113,1,0,0,0,0,1,0,0,0,0,0,0,1,0,0,1,0,0,0,0
609,0,0,5.03995134843,0,0,0,0,1,0,0,0,1,0,0,0,0,1,0,0,0,0,0,1
610,1,5,3.47429293673,0,1,0,1,0,0,0,0,0,0,0,0,1,0,0,1,0,0,0,1
611,0,0,2.08567209143,0,1,1,0,0,0,0,0,0,0,0,0,1,0,1,0,0,0,0,1
612,1,0,2.80336038091,0,1,0,1,0,0,0,0,0,0,0,0,1,1,0,0,0,0,1,0
613,0,0,2.16905370037,0,1,1,1,0,0,0,0,0,0,0,0,1,0,1,0,0,0,1,0
614,0,0,2.20276475771,0,1,1,1,0,0,0,0,0,0,0,0,1,0,1,0,0,0,0,1
615,1,2,4.18965474203,1,0,0,1,0,0,0,0,0,0,0,0,1,1,0,0,0,0,0,1
616,1,1,2.73436750942,0,1,1,1,0,0,0,0,0,0,0,0,1,0,1,0,0,0,0,1
617,1,0,2.83907846351,0,1,0,0,0,1,0,0,0,0,0,0,1,0,0,1,0,0,0,1
618,2,1,3.68887945411,1,0,0,1,0,0,0,0,0,0,0,1,0,1,0,0,0,0,0,1
619,0,0,2.44234703537,1,0,1,0,1,0,0,0,0,0,0,0,1,0,1,0,0,0,0,1
620,1,0,2.73788081106,0,1,1,0,0,1,0,0,0,0,0,0,1,0,1,0,0,0,0,0
621,1,0,3.98069422519,0,0,1,0,1,0,0,0,0,1,0,0,0,0,1,0,0,0,0,1
622,1,1,2.81790261307,0,1,1,0,0,1,0,0,0,0,0,0,1,0,1,0,0,0,0,0
623,0,0,2.18089192272,0,1,1,1,0,0,0,0,0,0,0,0,1,0,1,0,0,0,0,1
624,0,0,2.83907846351,0,1,1,0,1,0,0,0,0,0,0,0,1,0,1,0,0,0,0,1
625,0,0,3.50618182661,0,0,1,0,1,0,0,0,0,1,0,0,0,0,1,0,0,0,0,1
626,0,0,2.59151638485,1,0,1,1,0,0,0,0,0,0,0,0,1,0,0,0,0,1,1,0
627,0,0,4.368919865,0,0,0,0,1,0,0,0,0,1,0,0,0,1,0,0,0,0,0,1
628,0,0,2.18557925524,0,1,1,1,0,0,0,0,0,0,0,0,1,0,1,0,0,0,0,1
629,0,0,2.1671433053,0,1,1,1,0,0,0,0,0,0,0,0,1,0,1,0,0,0,1,0
630,0,0,3.43398720449,0,0,1,0,1,0,0,0,0,0,0,0,0,0,1,0,0,0,0,1
631,0,0,2.0861936945,0,1,1,1,0,0,0,0,0,0,0,0,1,0,1,0,0,0,0,1
632,0,0,3.44998754583,0,0,1,0,1,0,0,1,0,0,0,0,0,0,0,0,1,0,0,0
633,0,0,0.0,0,0,1,1,0,0,0,0,0,0,0,0,1,0,1,0,0,0,0,1
634,3,2,3.36384159512,0,1,0,1,0,0,0,0,0,0,0,0,1,1,0,0,0,0,0,1
635,0,0,2.63905732962,1,0,0,1,0,0,0,0,0,0,0,0,1,1,0,0,0,0,0,1
636,0,0,2.18885632767,0,1,1,0,0,0,0,0,0,0,0,0,1,0,1,0,0,0,0,1
637,1,1,3.30505352111,1,0,1,0,1,0,0,0,0,0,0,0,1,0,1,0,0,0,0,1
638,0,5,3.70592091997,0,1,0,0,0,0,0,0,0,0,0,0,1,0,0,1,0,0,0,1
639,1,0,2.83907846351,0,1,1,1,0,0,0,0,0,0,0,0,1,0,1,0,0,0,0,1
640,0,0,2.18089192272,0,1,1,1,0,0,0,0,0,0,0,0,1,0,1,0,0,0,0,1
641,0,0,4.25277179882,0,0,0,0,1,0,0,1,0,0,0,0,0,0,0,0,1,0,0,0
642,3,2,3.36384159512,0,1,0,1,0,0,0,0,0,0,0,0,1,1,0,0,0,0,0,1
643,0,0,4.05171190166,0,1,1,0,0,1,0,0,0,0,0,0,1,0,1,0,0,0,0,1
644,2,1,3.00856458612,0,1,0,0,0,1,0,0,0,0,0,0,1,1,0,0,0,0,0,0
645,1,0,4.35323099115,0,0,1,0,1,0,0,0,0,1,0,0,0,0,1,0,0,0,0,0
646,0,0,2.18557925524,0,1,1,1,0,0,0,0,0,0,0,0,1,0,1,0,0,0,0,1
647,0,0,3.59731226059,0,0,1,0,1,0,0,0,0,0,0,0,0,0,0,0,1,0,0,0
648,0,0,2.14593128295,0,1,1,0,0,0,1,0,0,0,0,0,1,0,1,0,0,0,0,1
649,0,0,2.14593128295,0,1,0,0,0,1,0,0,0,0,0,0,1,1,0,0,0,0,0,1
650,0,0,2.18557925524,0,1,1,1,0,0,0,0,0,0,0,0,1,0,1,0,0,0,0,1
651,0,1,3.17805383035,1,0,0,1,0,0,0,0,0,0,0,0,1,1,0,0,0,0,0,1
652,0,0,2.24424598241,0,1,1,0,0,1,0,0,0,0,0,0,1,0,1,0,0,0,0,1
653,0,0,2.17806441028,0,1,0,1,0,0,0,0,0,0,0,0,1,1,0,0,0,0,1,0
654,0,0,2.04769284337,0,1,0,1,0,0,0,0,0,0,0,0,1,1,0,0,0,0,1,0
655,2,0,4.31079912539,1,0,1,0,1,0,0,0,0,0,0,0,1,0,1,0,0,0,0,1
656,0,0,2.18557925524,0,1,1,1,0,0,0,0,0,0,0,0,1,0,1,0,0,0,0,1
657,1,1,2.80336038091,0,1,0,1,0,0,0,0,0,0,0,0,1,0,0,1,0,0,1,0
658,0,0,2.63905732962,1,0,1,0,1,0,0,0,0,0,0,0,1,0,1,0,0,0,0,1
659,0,2,4.73860782422,0,0,1,0,1,0,0,0,0,1,0,0,0,0,1,0,0,0,0,0
660,2,0,4.90267881926,0,0,1,0,1,0,0,0,0,0,0,0,1,0,0,0,1,0,0,1
661,0,0,2.10717829665,0,1,1,0,0,1,0,0,0,0,0,0,1,0,1,0,0,0,0,0
662,0,0,3.28044118053,0,0,1,0,0,1,0,0,0,0,1,0,0,0,1,0,0,0,0,1
663,0,0,2.13957192373,0,1,1,1,0,0,0,0,0,0,0,0,1,0,1,0,0,0,0,1
664,1,0,2.18885632767,0,1,1,0,0,0,0,0,0,0,0,0,1,0,1,0,0,0,0,1
665,2,0,4.31079912539,1,0,1,0,1,0,0,0,0,0,0,0,1,0,1,0,0,0,0,1
666,0,0,2.63905732962,1,0,1,1,0,0,0,0,0,0,0,0,1,0,1,0,0,0,0,1
667,0,0,2.17190676935,0,1,1,1,0,0,0,0,0,0,0,0,1,0,1,0,0,0,0,1
668,0,0,2.20276475771,0,1,1,0,0,1,0,0,0,0,0,0,1,0,1,0,0,0,0,1
669,1,0,3.97029191355,0,0,0,0,1,0,0,0,1,0,0,0,0,0,0,1,0,0,0,1
670,1,1,3.68887945411,1,0,0,0,1,0,0,0,0,0,0,0,1,0,0,1,0,0,0,1
671,1,0,3.97029191355,0,0,1,0,1,0,0,1,0,0,0,0,0,0,1,0,0,0,0,1
672,0,0,2.44234703537,1,0,1,0,1,0,0,0,0,0,0,0,1,0,1,0,0,0,0,1
673,0,0,2.63905732962,1,0,1,1,0,0,0,0,0,0,0,0,1,0,1,0,0,0,0,1
674,0,0,0.0,1,0,1,1,0,0,0,0,0,0,0,0,1,0,1,0,0,0,0,1
675,0,0,2.17190676935,0,1,1,1,0,0,0,0,0,0,0,0,1,0,1,0,0,0,0,1
676,0,0,2.20276475771,0,1,1,1,0,0,0,0,0,0,0,0,1,0,1,0,0,0,0,1
677,0,0,2.38339981028,0,1,0,0,0,1,0,0,0,0,0,0,1,1,0,0,0,0,0,1
678,1,6,3.86911550442,0,1,0,0,0,1,0,0,0,0,0,0,1,0,0,1,0,0,0,1
679,0,1,6.24091735476,0,0,1,0,1,0,0,1,0,0,0,0,0,0,1,0,0,0,0,0
680,0,0,2.21238682508,0,1,0,1,0,0,0,0,0,0,0,0,1,1,0,0,0,0,1,0
681,0,0,4.35323099115,0,0,1,0,1,0,0,0,0,1,0,0,0,0,1,0,0,0,0,0
682,0,0,2.32483570193,0,1,1,0,0,1,0,0,0,0,0,0,1,0,1,0,0,0,0,1
683,5,2,3.86911550442,0,1,1,0,0,1,0,0,0,0,0,0,1,0,1,0,0,0,0,1
684,1,1,3.68887945411,1,0,1,0,1,0,0,0,0,0,0,0,1,0,1,0,0,0,0,1
685,1,2,3.75136587113,1,0,1,0,0,1,0,0,0,0,0,0,1,0,1,0,0,0,0,0
686,4,1,3.70592091997,0,1,1,0,0,0,0,0,0,0,0,0,1,0,1,0,0,0,0,1
687,0,0,2.41330323093,0,1,1,1,0,0,0,0,0,0,0,0,1,0,1,0,0,0,0,1
688,0,0,2.17427433483,0,1,1,1,0,0,0,0,0,0,0,0,1,0,1,0,0,0,0,1
689,0,1,5.35817698995,0,0,0,0,1,0,0,1,0,0,0,0,0,1,0,0,0,0,0,1
690,1,0,4.06044301055,0,0,1,0,1,0,0,1,0,0,0,0,0,0,1,0,0,0,0,1
691,0,1,2.66838725685,0,1,0,1,0,0,0,0,0,0,0,0,1,1,0,0,0,0,0,0
692,0,0,4.05171190166,0,1,1,0,0,1,0,0,0,0,0,0,1,0,1,0,0,0,0,1
693,0,0,2.10717829665,0,1,1,0,0,1,0,0,0,0,0,0,1,0,1,0,0,0,0,0
694,0,0,3.3160025356,0,0,1,1,0,0,0,0,0,0,0,0,1,0,0,0,1,0,0,1
695,0,0,2.67414864943,1,0,1,1,0,0,0,0,0,0,0,0,1,0,1,0,0,0,0,1
696,0,0,2.20276475771,0,1,1,1,0,0,0,0,0,0,0,0,1,0,1,0,0,0,0,1
697,0,0,2.1671433053,0,1,0,0,1,0,0,0,0,0,0,0,1,1,0,0,0,0,1,0
698,1,1,4.71745636379,0,0,1,0,1,0,0,0,1,0,0,0,0,0,1,0,0,0,0,0
699,0,0,2.15755932094,0,1,1,1,0,0,0,0,0,0,0,1,0,0,1,0,0,0,0,1
700,1,0,5.43164561354,0,0,0,0,1,0,0,0,1,0,0,0,0,0,0,1,0,0,0,0
701,0,0,3.30642872188,0,0,1,0,1,0,0,0,0,0,1,0,0,0,1,0,0,0,0,1
702,0,1,2.73788081106,0,1,0,0,0,1,0,0,0,0,0,0,1,1,0,0,0,0,0,0
703,0,0,2.16810467876,0,1,1,0,1,0,0,0,0,0,0,0,1,0,1,0,0,0,1,0
704,1,0,2.18089192272,0,1,1,1,0,0,0,0,0,0,0,0,1,0,1,0,0,0,0,1
705,0,0,3.295836866,1,0,1,1,0,0,0,0,0,0,0,0,1,0,1,0,0,0,0,1
706,0,0,2.67414864943,1,0,0,1,0,0,0,0,0,0,0,0,1,0,0,1,0,0,0,1
707,0,0,3.30642872188,0,0,1,0,1,0,0,0,0,0,1,0,0,0,1,0,0,0,0,1
708,0,0,5.02749241116,0,0,0,1,0,0,0,0,0,0,0,0,1,1,0,0,0,0,0,1
709,1,1,2.78783441383,0,1,1,0,0,1,0,0,0,0,0,0,1,0,0,0,0,0,0,0
710,0,0,3.92205650114,0,0,0,0,1,0,0,0,1,0,0,0,0,0,0,0,1,0,0,0
711,0,0,3.3160025356,0,0,1,1,0,0,0,0,1,0,0,0,0,0,1,0,0,0,0,1
712,1,0,3.97029191355,0,0,1,0,1,0,0,0,1,0,0,0,0,0,1,0,0,0,0,1
713,0,0,2.34978351482,0,1,1,0,0,1,0,0,0,0,0,0,1,0,1,0,0,0,0,1
714,0,0,2.63905732962,1,0,1,1,0,0,0,0,0,0,0,0,1,0,1,0,0,0,0,1
715,0,0,2.15755932094,0,1,1,1,0,0,0,0,0,0,0,1,0,0,1,0,0,0,0,1
716,0,0,5.43164561354,0,0,0,0,1,0,0,0,1,0,0,0,0,1,0,0,0,0,0,0
717,0,0,2.44234703537,1,0,0,0,1,0,0,0,0,0,1,0,0,1,0,0,0,0,0,1
718,0,0,2.80336038091,0,1,1,0,1,0,0,0,0,0,0,0,1,0,1,0,0,0,1,0
719,0,0,2.17190676935,0,1,1,1,0,0,0,0,0,0,0,0,1,0,1,0,0,0,0,1
720,0,1,3.52636052462,1,0,0,1,0,0,0,0,0,0,0,0,1,1,0,0,0,0,0,1
721,1,0,2.0861936945,0,1,1,1,0,0,0,0,0,0,0,0,1,0,1,0,0,0,0,1
722,0,0,2.63905732962,1,0,1,0,1,0,0,0,0,0,0,0,1,0,1,0,0,0,0,1
723,0,0,2.63905732962,1,0,1,1,0,0,0,0,0,0,0,0,1,0,1,0,0,0,0,1
724,1,0,3.99083418585,0,0,1,1,0,0,0,0,0,0,1,0,0,0,1,0,0,0,0,1
725,0,0,2.26825241391,0,1,1,1,0,0,0,0,0,0,0,0,1,0,1,0,0,0,0,1
726,3,0,3.09104245336,1,0,0,0,1,0,0,0,0,0,0,0,1,0,0,1,0,0,0,1
727,0,0,2.16762410756,0,1,0,0,1,0,0,0,0,0,0,0,1,1,0,0,0,0,1,0
728,1,0,3.295836866,1,0,1,1,0,0,0,0,0,0,0,0,1,0,1,0,0,0,0,1
729,1,0,2.18885632767,0,1,0,0,0,0,0,0,0,0,0,0,1,1,0,0,0,0,0,1
730,0,0,5.35817698995,0,0,0,0,1,0,0,1,0,0,0,0,0,1,0,0,0,0,0,1
731,0,0,2.98505042521,0,1,1,0,0,1,0,0,0,0,0,0,1,0,1,0,0,0,0,0
732,0,0,0.0,1,0,1,1,0,0,0,0,0,0,0,0,1,0,1,0,0,0,0,1
733,0,0,2.63905732962,1,0,1,0,1,0,0,0,0,0,0,0,1,0,1,0,0,0,0,1
734,0,0,2.63905732962,1,0,1,1,0,0,0,0,0,0,0,0,1,0,1,0,0,0,0,1
735,0,0,2.83907846351,0,1,1,0,1,0,0,0,0,0,0,0,1,0,1,0,0,0,0,1
736,1,3,3.56600535596,0,1,0,0,0,1,0,0,0,0,0,0,1,0,0,1,0,0,0,1
737,0,0,6.24091735476,0,0,1,0,1,0,0,1,0,0,0,0,0,0,1,0,0,0,0,0
738,0,0,2.18557925524,0,1,1,1,0,0,0,0,0,0,0,0,1,0,1,0,0,0,0,1
739,0,0,2.18557925524,0,1,1,1,0,0,0,0,0,0,0,0,1,0,1,0,0,0,0,1
740,0,0,3.43398720449,0,0,1,0,1,0,0,0,0,1,0,0,0,0,1,0,0,0,0,1
741,1,0,4.38014987466,0,0,1,0,1,0,0,0,1,0,0,0,0,0,1,0,0,0,0,1
742,2,2,5.57357887212,0,0,0,0,1,0,0,1,0,0,0,0,0,1,0,0,0,0,0,0
743,1,0,2.83907846351,0,1,1,1,0,0,0,0,0,0,0,0,1,0,1,0,0,0,0,1
744,0,0,2.18885632767,0,1,1,0,0,0,0,0,0,0,0,0,1,0,1,0,0,0,0,1
745,1,1,4.27666611902,0,0,1,0,0,1,0,1,0,0,0,0,0,0,0,0,1,0,0,1
746,1,1,3.05635689537,0,1,1,0,0,1,0,0,0,0,0,0,1,0,1,0,0,0,0,1
747,0,0,2.63905732962,1,0,0,1,0,0,0,0,0,0,0,0,1,1,0,0,0,0,0,1
748,1,0,3.99083418585,0,0,1,1,0,0,0,0,0,1,0,0,0,0,1,0,0,0,0,1
749,0,0,2.16905370037,0,1,1,1,0,0,0,0,0,0,0,0,1,0,1,0,0,0,1,0
750,1,1,3.17805383035,1,0,0,0,1,0,0,0,0,0,0,0,1,1,0,0,0,0,0,1
751,0,1,2.6008361168,0,1,1,1,0,0,0,0,0,0,1,0,0,0,0,0,0,0,0,1
752,0,0,2.35137525716,0,1,1,1,0,0,0,0,0,0,0,0,1,0,1,0,0,0,0,1
753,0,0,2.18557925524,0,1,1,1,0,0,0,0,0,0,0,0,1,0,1,0,0,0,0,1
754,1,2,4.18965474203,1,0,0,1,0,0,0,0,0,0,0,0,1,0,0,1,0,0,0,1
755,1,1,2.74084002393,1,0,1,1,0,0,0,0,0,0,0,0,1,0,0,0,0,0,0,1
756,0,0,2.17427433483,0,1,1,1,0,0,0,0,0,0,0,0,1,0,1,0,0,0,0,1
757,0,0,2.52572864431,1,0,1,0,1,0,0,0,0,0,0,0,1,0,1,0,0,0,0,1
758,0,0,2.20276475771,0,1,1,1,0,0,0,0,0,0,0,0,1,0,1,0,0,0,0,1
759,0,0,4.47163879336,0,0,0,1,0,0,0,1,0,0,0,0,0,0,0,0,1,0,0,1
760,0,0,2.74084002393,0,1,1,1,0,0,0,0,0,0,0,0,1,0,1,0,0,0,0,1
761,0,0,2.09494572822,0,1,1,0,0,0,0,0,0,0,0,0,1,0,1,0,0,0,0,1
762,0,0,2.10768880462,0,1,1,0,0,1,0,0,0,0,0,0,1,0,1,0,0,0,0,0
763,1,2,4.7957905456,0,0,0,1,0,0,0,1,0,0,0,0,0,0,0,1,0,0,0,1
764,0,0,2.17190676935,0,1,1,1,0,0,0,0,0,0,0,0,1,0,1,0,0,0,0,1
765,1,0,4.368919865,0,0,0,0,1,0,0,0,0,1,0,0,0,0,0,1,0,0,0,1
766,0,0,3.70376806661,0,0,1,1,0,0,0,0,0,0,0,0,1,0,0,0,1,0,0,0
767,0,0,2.16905370037,0,1,0,1,0,0,0,0,0,0,0,0,1,1,0,0,0,0,1,0
768,1,0,3.22485789655,0,1,1,1,0,0,0,0,0,0,0,0,1,0,1,0,0,0,1,0
769,0,0,2.23671234884,0,1,1,0,0,1,0,0,0,0,0,0,1,0,1,0,0,0,0,1
770,0,0,2.35137525716,0,1,1,1,0,0,0,0,0,0,0,0,1,0,1,0,0,0,0,1
771,0,0,2.18089192272,0,1,1,1,0,0,0,0,0,0,0,0,1,0,1,0,0,0,0,1
772,0,0,2.44234703537,1,0,0,0,0,0,1,0,0,0,1,0,0,0,0,1,0,0,0,1
773,0,0,2.10717829665,0,1,1,0,0,1,0,0,0,0,0,0,1,0,1,0,0,0,0,0
774,1,3,3.17805383035,1,0,0,0,1,0,0,0,0,0,0,0,1,0,0,1,0,0,0,1
775,0,0,2.16905370037,0,1,1,1,0,0,0,0,0,0,0,0,1,0,1,0,0,0,0,1
776,0,0,2.16905370037,0,1,1,1,0,0,0,0,0,0,0,1,0,0,1,0,0,0,1,0
777,0,0,2.6008361168,0,1,0,1,0,0,0,0,0,0,0,0,1,1,0,0,0,0,0,1
778,0,0,2.16762410756,0,1,1,0,1,0,0,0,0,0,0,0,1,0,1,0,0,0,1,0
779,0,1,5.35817698995,0,0,0,0,1,0,0,1,0,0,0,0,0,0,0,1,0,0,0,1
780,0,0,2.10768880462,0,1,0,0,0,1,0,0,0,0,0,0,1,1,0,0,0,0,0,0
781,1,0,4.06044301055,0,0,0,0,1,0,0,1,0,0,0,0,0,0,0,1,0,0,0,1
782,0,0,3.43398720449,0,0,1,1,0,0,0,0,0,1,0,0,0,0,1,0,0,0,0,1
783,1,2,3.19663021592,0,1,1,0,0,1,0,0,0,0,0,0,1,0,1,0,0,0,0,1
784,0,0,2.08567209143,0,1,1,0,0,0,0,0,0,0,0,0,1,0,1,0,0,0,0,1
785,0,0,2.11021320035,0,1,1,1,0,0,0,0,0,0,0,0,1,0,1,0,0,0,0,1
786,0,0,2.13957192373,0,1,0,0,0,0,0,0,0,0,0,0,1,1,0,0,0,0,0,1
787,4,1,3.40535539181,0,1,1,1,0,0,0,0,0,0,0,0,1,0,0,0,0,0,1,0
788,1,2,3.07153523697,0,1,1,0,0,1,0,0,0,0,0,0,1,0,0,0,0,0,0,1
789,0,0,4.38452351487,0,0,1,0,1,0,0,1,0,0,0,0,0,0,1,0,0,0,0,0
790,0,0,2.16905370037,0,1,1,0,1,0,0,0,0,0,0,0,1,0,1,0,0,0,1,0
791,0,0,3.295836866,1,0,1,1,0,0,0,0,0,0,0,0,1,0,1,0,0,0,0,1
792,8,2,4.2563216783,0,1,0,0,0,1,0,0,0,0,0,0,1,1,0,0,0,0,0,1
793,0,0,3.45618417999,0,0,1,0,1,0,0,0,0,0,0,0,1,0,1,0,0,0,0,0
794,0,0,2.18557925524,0,1,1,1,0,0,0,0,0,0,0,0,1,0,1,0,0,0,0,1
795,0,0,2.63905732962,1,0,1,0,1,0,0,0,0,0,0,0,1,0,1,0,0,0,0,1
796,0,0,3.29321119974,0,0,0,0,1,0,0,0,0,1,0,0,0,0,0,0,1,0,0,1
797,0,0,2.27040275228,0,1,0,1,0,0,0,0,0,0,0,0,1,0,0,1,0,0,0,1
798,0,0,2.10768880462,0,1,1,0,0,1,0,0,0,0,0,0,1,0,1,0,0,0,0,0
799,1,1,3.22485789655,0,1,0,1,0,0,0,0,0,0,0,0,1,0,0,1,0,0,0,1
800,0,0,2.63905732962,1,0,1,1,0,0,0,0,0,0,0,0,1,0,1,0,0,0,0,1
801,1,1,3.30505352111,1,0,0,0,1,0,0,0,0,0,0,0,1,0,0,1,0,0,0,1
802,1,2,4.7957905456,0,0,1,1,0,0,0,1,0,0,0,0,0,0,0,0,0,0,0,1
803,0,1,2.25304815005,0,1,1,0,0,1,0,0,0,0,0,0,1,0,0,0,0,0,0,0
804,0,0,2.07631164867,0,1,1,1,0,0,0,0,0,0,0,0,1,0,1,0,0,0,0,1
805,0,0,2.17190676935,0,1,1,1,0,0,0,0,0,0,0,0,1,0,1,0,0,0,0,1
806,0,0,0.0,0,0,1,1,0,0,0,0,0,0,0,0,0,0,1,0,0,0,0,1
807,0,0,2.17190676935,0,1,0,1,0,0,0,0,0,0,0,0,1,1,0,0,0,0,0,1
808,0,0,2.63905732962,1,0,1,1,0,0,0,0,0,0,0,0,1,0,1,0,0,0,0,1
809,1,0,3.99083418585,0,0,0,1,0,0,0,0,0,0,1,0,0,0,0,1,0,0,0,1
810,0,0,2.18464579513,0,1,1,0,0,1,0,0,0,0,0,0,1,0,1,0,0,0,0,1
811,0,0,3.22485789655,0,1,1,0,1,0,0,0,0,0,0,0,1,0,1,0,0,0,0,1
812,0,0,2.44234703537,1,0,1,0,1,0,0,0,0,0,0,0,1,0,1,0,0,0,0,1
813,4,2,3.47429293673,0,1,0,1,0,0,0,0,0,0,0,0,1,1,0,0,0,0,0,1
814,0,0,2.20276475771,0,1,1,1,0,0,0,0,0,0,0,0,1,0,1,0,0,0,0,1
815,0,0,0.0,0,0,1,1,0,0,0,1,0,0,0,0,0,0,1,0,0,0,0,1
816,0,0,2.18885632767,0,1,0,0,0,0,0,0,0,0,0,0,1,1,0,0,0,0,0,1
817,1,1,3.63769667993,1,0,1,0,0,1,0,0,0,0,0,0,1,0,1,0,0,0,0,0
818,0,0,2.00821403239,0,1,1,0,0,1,0,0,0,0,0,0,1,0,1,0,0,0,0,1
819,3,2,3.36384159512,0,1,1,1,0,0,0,0,0,0,0,0,1,0,0,0,0,0,0,1
820,1,1,4.5485998345,0,0,0,0,1,0,0,1,0,0,0,0,0,0,0,1,0,0,0,1
821,0,0,2.26825241391,0,1,1,1,0,0,0,0,0,0,0,0,1,0,1,0,0,0,0,1
822,0,0,0.0,0,0,1,0,1,0,0,0,0,0,0,0,1,0,0,0,1,0,0,1
823,0,1,2.6008361168,0,1,0,1,0,0,0,0,0,0,1,0,0,0,0,1,0,0,0,1
824,4,1,3.70592091997,0,1,1,0,0,0,0,0,0,0,0,0,1,0,0,0,0,0,0,1
825,0,0,2.07317192867,0,1,1,1,0,0,0,0,0,0,0,0,1,0,1,0,0,0,1,0
826,0,0,4.05171190166,0,1,1,0,0,1,0,0,0,0,0,0,1,0,1,0,0,0,0,1
827,0,2,3.63769667993,1,0,1,0,0,1,0,0,0,0,0,0,1,0,0,0,0,0,0,0
828,0,0,2.16905370037,0,1,1,1,0,0,0,0,0,0,0,0,1,0,1,0,0,0,1,0
829,0,0,4.39444915467,0,0,0,1,0,0,0,1,0,0,0,0,0,0,0,1,0,0,0,0
830,1,0,2.73788081106,0,1,0,0,0,1,0,0,0,0,0,0,1,0,0,1,0,0,0,0
831,1,1,2.98315349135,1,0,1,0,1,0,0,0,0,0,0,0,1,0,0,0,0,0,0,1
832,0,0,2.10768880462,0,1,1,0,0,1,0,0,0,0,0,0,1,0,1,0,0,0,0,0
833,0,0,2.18089192272,0,1,1,1,0,0,0,0,0,0,0,0,1,0,1,0,0,0,0,1
834,0,0,2.23001440016,0,1,1,0,0,1,0,0,0,0,0,0,1,0,1,0,0,0,0,1
835,1,1,4.43269954917,0,0,0,0,1,0,0,0,0,0,1,0,0,1,0,0,0,0,0,0
836,0,0,2.26825241391,0,1,1,1,0,0,0,0,0,0,0,0,1,0,1,0,0,0,0,1
837,0,0,2.20276475771,0,1,1,1,0,0,0,0,0,0,0,0,1,0,1,0,0,0,0,1
838,0,0,4.05171190166,0,1,1,0,0,1,0,0,0,0,0,0,1,0,1,0,0,0,0,1
839,0,0,3.42426265459,0,0,1,0,1,0,0,0,1,0,0,0,0,0,1,0,0,0,0,0
840,0,0,2.18885632767,0,1,1,0,0,0,0,0,0,0,0,0,1,0,1,0,0,0,0,1
841,0,0,2.44234703537,1,0,1,0,0,0,1,0,0,0,0,0,1,0,1,0,0,0,0,1
842,0,0,3.4657359028,0,0,0,1,0,0,0,0,0,0,0,0,1,1,0,0,0,0,0,0
843,0,0,2.00653477087,0,1,1,0,0,1,0,0,0,0,0,0,1,0,1,0,0,0,0,0
844,0,0,2.26825241391,0,1,1,1,0,0,0,0,0,0,0,0,1,0,1,0,0,0,0,1
845,0,0,2.14593128295,0,1,1,0,0,1,0,0,0,0,0,0,1,0,1,0,0,0,0,1
846,8,2,4.2563216783,0,1,1,0,0,1,0,0,0,0,0,0,1,0,1,0,0,0,0,1
847,0,0,2.18557925524,0,1,1,1,0,0,0,0,0,0,0,0,1,0,1,0,0,0,0,0
848,0,1,3.52636052462,1,0,1,1,0,0,0,0,0,0,0,0,1,0,0,0,0,1,0,1
849,1,0,4.5009667784,0,0,0,0,1,0,0,0,1,0,0,0,0,0,0,1,0,0,0,0
850,4,2,3.47429293673,0,1,1,1,0,0,0,0,0,0,0,0,1,0,0,0,0,0,0,1
851,0,0,2.17190676935,0,1,1,1,0,0,0,0,0,0,0,0,1,0,1,0,0,0,0,1
852,1,1,2.78783441383,0,1,0,0,0,1,0,0,0,0,0,0,1,1,0,0,0,0,0,0
853,0,1,3.69882978497,0,0,0,0,1,0,0,0,0,1,0,0,0,1,0,0,0,0,0,1
854,1,0,3.295836866,1,0,0,1,0,0,0,0,0,0,0,0,1,0,0,1,0,0,0,1
855,0,1,2.33698651971,0,1,0,1,0,0,0,0,0,0,0,0,1,0,0,1,0,0,0,1
856,1,1,5.11118445372,0,0,0,0,1,0,0,0,0,0,0,0,1,0,0,1,0,0,0,1
857,0,0,3.3160025356,0,0,1,1,0,0,0,0,0,0,1,0,0,0,1,0,0,0,0,1
858,0,3,3.00856458612,0,1,0,0,0,1,0,0,0,0,0,0,1,0,0,1,0,0,0,0
859,0,0,2.10768880462,0,1,1,0,0,1,0,0,0,0,0,0,1,0,1,0,0,0,0,0
860,2,0,2.71524426168,0,1,1,1,0,0,0,0,0,0,0,0,1,0,1,0,0,0,0,1
861,1,0,2.52572864431,1,0,1,0,1,0,0,0,0,0,0,0,1,0,1,0,0,0,0,1
862,0,0,3.29321119974,0,0,0,0,1,0,0,0,0,1,0,0,0,0,0,1,0,0,0,1
863,8,2,4.2563216783,0,1,0,0,0,1,0,0,0,0,0,0,1,1,0,0,0,0,0,1
864,0,0,2.63905732962,1,0,1,1,0,0,0,0,0,0,0,0,1,0,1,0,0,0,0,1
865,0,0,2.63905732962,1,0,0,1,0,0,0,0,0,0,0,0,1,0,0,1,0,0,0,1
866,1,0,2.69855863167,1,0,0,0,0,1,0,0,0,0,0,0,1,1,0,0,0,0,0,0
867,0,0,3.94150025095,0,0,1,0,1,0,0,0,0,0,0,0,0,0,1,0,0,0,0,1
868,0,0,2.35137525716,0,1,1,1,0,0,0,0,0,0,0,0,1,0,1,0,0,0,0,1
869,1,1,2.49595373872,0,1,1,1,0,0,0,0,0,0,0,0,1,0,0,0,0,0,0,1
870,0,0,2.18557925524,0,1,1,1,0,0,0,0,0,0,0,0,1,0,1,0,0,0,0,1
871,1,1,3.98069422519,0,0,0,0,1,0,0,0,0,1,0,0,0,0,0,1,0,0,0,1
872,0,0,1.79175946923,0,0,1,0,0,0,1,1,0,0,0,0,0,0,1,0,0,0,0,1
873,0,0,2.30258509299,0,1,1,1,0,0,0,0,0,0,0,0,1,0,1,0,0,0,0,1
874,1,0,3.21887582487,1,0,0,0,0,1,0,0,0,0,0,0,1,0,0,1,0,0,0,0
875,0,0,2.10717829665,0,1,0,0,0,1,0,0,0,0,0,0,1,1,0,0,0,0,0,0
876,0,0,2.38377790827,0,1,1,0,0,1,0,0,0,0,0,0,1,0,1,0,0,0,0,1
877,0,0,2.18557925524,0,1,1,1,0,0,0,0,0,0,0,0,1,0,1,0,0,0,0,1
878,0,0,2.18557925524,0,1,1,1,0,0,0,0,0,0,0,0,1,0,1,0,0,0,0,1
879,0,1,4.43269954917,0,0,0,0,1,0,0,0,1,0,0,0,0,0,0,1,0,0,0,0
880,0,1,3.295836866,1,0,0,1,0,0,0,0,0,0,0,0,1,0,0,1,0,0,0,1
881,0,0,2.18557925524,0,1,1,1,0,0,0,0,0,0,0,0,1,0,1,0,0,0,0,1
882,0,0,2.4437981559,0,1,0,0,0,1,0,0,0,0,0,0,1,1,0,0,0,0,0,1
883,0,0,2.44234703537,1,0,1,0,1,0,0,0,0,0,0,0,1,0,1,0,0,0,0,1
884,0,0,2.08567209143,0,1,1,1,0,0,0,0,0,0,0,0,1,0,1,0,0,0,0,1
885,0,5,3.40535539181,0,1,0,1,0,0,0,0,0,0,0,0,1,0,0,1,0,0,1,0
886,0,0,2.63905732962,1,0,1,1,0,0,0,0,0,0,0,0,1,0,0,0,0,1,0,1
887,0,0,3.43398720449,0,0,0,1,0,0,0,1,0,0,0,0,0,1,0,0,0,0,0,1
888,1,2,3.19663021592,0,1,0,0,0,1,0,0,0,0,0,0,1,1,0,0,0,0,0,1
889,0,0,3.43398720449,0,0,1,1,0,0,0,0,1,0,0,0,0,0,1,0,0,0,0,0
890,0,0,2.16905370037,0,1,1,1,0,0,0,0,0,0,0,0,1,0,1,0,0,0,1,0
